Workbook

Sheet Tamu 
A1: UNDANGAN WEBSITE
A2: Nama Tamu | B2: Bagian | C2: Link Undangan | D2: Pesan WhatsApp
A3: Adwin Nugroho Bachtiar | B3: Subbagian Tata Usaha | C3: =HYPERLINK(Pengaturan!$B$3&"?to="&SUBSTITUTE(SUBSTITUTE(SUBSTITUTE(TRIM(A3),"%","%25"),"&","%26")," ","%20"),Pengaturan!$B$3&"?to="&SUBSTITUTE(SUBSTITUTE(SUBSTITUTE(TRIM(A3),"%","%25"),"&","%26")," ","%20")) -> https://weddingditonike.vercel.app/?to=Adwin%20Nugroho%20Bachtiar | D3: =Pengaturan!$B$4&CHAR(10)&CHAR(10)&"Kepada Yth."&CHAR(10)&"Bapak/Ibu/Saudara/i"&CHAR(10)&"*"&TRIM(A3)&"*"&CHAR(10)&CHAR(10)&Pengaturan!$B$5&CHAR(10)&Pengaturan!$B$3&"?to="&SUBSTITUTE(SUBSTITUTE(SUBSTITUTE(TRIM(A3),"%","%25"),"&","%26")," ","%20")&CHAR(10)&CHAR(10)&Pengaturan!$B$6 -> Dengan hormat, Kepada Yth. Bapak/Ibu/Saudara/i *Adwin Nugroho Bachtiar* Tanpa mengurangi rasa hormat, perkenankan kami mengundang Bapak/Ibu/Saudara/i untuk menghadiri acara pernikahan kami. Berikut link undangan untuk info lengkap acara: https://weddingditonike.vercel.app/?to=Adwin%20Nugroho%20Bachtiar Merupakan suatu kebahagiaan bagi kami apabila Bapak/Ibu/Saudara/i berkenan hadir dan memberikan doa restu. Terima kasih. Kami yang berbahagia, Dito & Nike
A4: Ahmad Irhamni | C4: =HYPERLINK(Pengaturan!$B$3&"?to="&SUBSTITUTE(SUBSTITUTE(SUBSTITUTE(TRIM(A4),"%","%25"),"&","%26")," ","%20"),Pengaturan!$B$3&"?to="&SUBSTITUTE(SUBSTITUTE(SUBSTITUTE(TRIM(A4),"%","%25"),"&","%26")," ","%20")) -> https://weddingditonike.vercel.app/?to=Ahmad%20Irhamni | D4: =Pengaturan!$B$4&CHAR(10)&CHAR(10)&"Kepada Yth."&CHAR(10)&"Bapak/Ibu/Saudara/i"&CHAR(10)&"*"&TRIM(A4)&"*"&CHAR(10)&CHAR(10)&Pengaturan!$B$5&CHAR(10)&Pengaturan!$B$3&"?to="&SUBSTITUTE(SUBSTITUTE(SUBSTITUTE(TRIM(A4),"%","%25"),"&","%26")," ","%20")&CHAR(10)&CHAR(10)&Pengaturan!$B$6 -> Dengan hormat, Kepada Yth. Bapak/Ibu/Saudara/i *Ahmad Irhamni* Tanpa mengurangi rasa hormat, perkenankan kami mengundang Bapak/Ibu/Saudara/i untuk menghadiri acara pernikahan kami. Berikut link undangan untuk info lengkap acara: https://weddingditonike.vercel.app/?to=Ahmad%20Irhamni Merupakan suatu kebahagiaan bagi kami apabila Bapak/Ibu/Saudara/i berkenan hadir dan memberikan doa restu. Terima kasih. Kami yang berbahagia, Dito & Nike
A5: Annisa Fitria Wardani | C5: =HYPERLINK(Pengaturan!$B$3&"?to="&SUBSTITUTE(SUBSTITUTE(SUBSTITUTE(TRIM(A5),"%","%25"),"&","%26")," ","%20"),Pengaturan!$B$3&"?to="&SUBSTITUTE(SUBSTITUTE(SUBSTITUTE(TRIM(A5),"%","%25"),"&","%26")," ","%20")) -> https://weddingditonike.vercel.app/?to=Annisa%20Fitria%20Wardani | D5: =Pengaturan!$B$4&CHAR(10)&CHAR(10)&"Kepada Yth."&CHAR(10)&"Bapak/Ibu/Saudara/i"&CHAR(10)&"*"&TRIM(A5)&"*"&CHAR(10)&CHAR(10)&Pengaturan!$B$5&CHAR(10)&Pengaturan!$B$3&"?to="&SUBSTITUTE(SUBSTITUTE(SUBSTITUTE(TRIM(A5),"%","%25"),"&","%26")," ","%20")&CHAR(10)&CHAR(10)&Pengaturan!$B$6 -> Dengan hormat, Kepada Yth. Bapak/Ibu/Saudara/i *Annisa Fitria Wardani* Tanpa mengurangi rasa hormat, perkenankan kami mengundang Bapak/Ibu/Saudara/i untuk menghadiri acara pernikahan kami. Berikut link undangan untuk info lengkap acara: https://weddingditonike.vercel.app/?to=Annisa%20Fitria%20Wardani Merupakan suatu kebahagiaan bagi kami apabila Bapak/Ibu/Saudara/i berkenan hadir dan memberikan doa restu. Terima kasih. Kami yang berbahagia, Dito & Nike
A6: Annisa Nur Asmara | C6: =HYPERLINK(Pengaturan!$B$3&"?to="&SUBSTITUTE(SUBSTITUTE(SUBSTITUTE(TRIM(A6),"%","%25"),"&","%26")," ","%20"),Pengaturan!$B$3&"?to="&SUBSTITUTE(SUBSTITUTE(SUBSTITUTE(TRIM(A6),"%","%25"),"&","%26")," ","%20")) -> https://weddingditonike.vercel.app/?to=Annisa%20Nur%20Asmara | D6: =Pengaturan!$B$4&CHAR(10)&CHAR(10)&"Kepada Yth."&CHAR(10)&"Bapak/Ibu/Saudara/i"&CHAR(10)&"*"&TRIM(A6)&"*"&CHAR(10)&CHAR(10)&Pengaturan!$B$5&CHAR(10)&Pengaturan!$B$3&"?to="&SUBSTITUTE(SUBSTITUTE(SUBSTITUTE(TRIM(A6),"%","%25"),"&","%26")," ","%20")&CHAR(10)&CHAR(10)&Pengaturan!$B$6 -> Dengan hormat, Kepada Yth. Bapak/Ibu/Saudara/i *Annisa Nur Asmara* Tanpa mengurangi rasa hormat, perkenankan kami mengundang Bapak/Ibu/Saudara/i untuk menghadiri acara pernikahan kami. Berikut link undangan untuk info lengkap acara: https://weddingditonike.vercel.app/?to=Annisa%20Nur%20Asmara Merupakan suatu kebahagiaan bagi kami apabila Bapak/Ibu/Saudara/i berkenan hadir dan memberikan doa restu. Terima kasih. Kami yang berbahagia, Dito & Nike
A7: Ardi Dwi Rahmat | C7: =HYPERLINK(Pengaturan!$B$3&"?to="&SUBSTITUTE(SUBSTITUTE(SUBSTITUTE(TRIM(A7),"%","%25"),"&","%26")," ","%20"),Pengaturan!$B$3&"?to="&SUBSTITUTE(SUBSTITUTE(SUBSTITUTE(TRIM(A7),"%","%25"),"&","%26")," ","%20")) -> https://weddingditonike.vercel.app/?to=Ardi%20Dwi%20Rahmat | D7: =Pengaturan!$B$4&CHAR(10)&CHAR(10)&"Kepada Yth."&CHAR(10)&"Bapak/Ibu/Saudara/i"&CHAR(10)&"*"&TRIM(A7)&"*"&CHAR(10)&CHAR(10)&Pengaturan!$B$5&CHAR(10)&Pengaturan!$B$3&"?to="&SUBSTITUTE(SUBSTITUTE(SUBSTITUTE(TRIM(A7),"%","%25"),"&","%26")," ","%20")&CHAR(10)&CHAR(10)&Pengaturan!$B$6 -> Dengan hormat, Kepada Yth. Bapak/Ibu/Saudara/i *Ardi Dwi Rahmat* Tanpa mengurangi rasa hormat, perkenankan kami mengundang Bapak/Ibu/Saudara/i untuk menghadiri acara pernikahan kami. Berikut link undangan untuk info lengkap acara: https://weddingditonike.vercel.app/?to=Ardi%20Dwi%20Rahmat Merupakan suatu kebahagiaan bagi kami apabila Bapak/Ibu/Saudara/i berkenan hadir dan memberikan doa restu. Terima kasih. Kami yang berbahagia, Dito & Nike
A8: Daisy Astantia | C8: =HYPERLINK(Pengaturan!$B$3&"?to="&SUBSTITUTE(SUBSTITUTE(SUBSTITUTE(TRIM(A8),"%","%25"),"&","%26")," ","%20"),Pengaturan!$B$3&"?to="&SUBSTITUTE(SUBSTITUTE(SUBSTITUTE(TRIM(A8),"%","%25"),"&","%26")," ","%20")) -> https://weddingditonike.vercel.app/?to=Daisy%20Astantia | D8: =Pengaturan!$B$4&CHAR(10)&CHAR(10)&"Kepada Yth."&CHAR(10)&"Bapak/Ibu/Saudara/i"&CHAR(10)&"*"&TRIM(A8)&"*"&CHAR(10)&CHAR(10)&Pengaturan!$B$5&CHAR(10)&Pengaturan!$B$3&"?to="&SUBSTITUTE(SUBSTITUTE(SUBSTITUTE(TRIM(A8),"%","%25"),"&","%26")," ","%20")&CHAR(10)&CHAR(10)&Pengaturan!$B$6 -> Dengan hormat, Kepada Yth. Bapak/Ibu/Saudara/i *Daisy Astantia* Tanpa mengurangi rasa hormat, perkenankan kami mengundang Bapak/Ibu/Saudara/i untuk menghadiri acara pernikahan kami. Berikut link undangan untuk info lengkap acara: https://weddingditonike.vercel.app/?to=Daisy%20Astantia Merupakan suatu kebahagiaan bagi kami apabila Bapak/Ibu/Saudara/i berkenan hadir dan memberikan doa restu. Terima kasih. Kami yang berbahagia, Dito & Nike
A9: Deasy Sherdianty | C9: =HYPERLINK(Pengaturan!$B$3&"?to="&SUBSTITUTE(SUBSTITUTE(SUBSTITUTE(TRIM(A9),"%","%25"),"&","%26")," ","%20"),Pengaturan!$B$3&"?to="&SUBSTITUTE(SUBSTITUTE(SUBSTITUTE(TRIM(A9),"%","%25"),"&","%26")," ","%20")) -> https://weddingditonike.vercel.app/?to=Deasy%20Sherdianty | D9: =Pengaturan!$B$4&CHAR(10)&CHAR(10)&"Kepada Yth."&CHAR(10)&"Bapak/Ibu/Saudara/i"&CHAR(10)&"*"&TRIM(A9)&"*"&CHAR(10)&CHAR(10)&Pengaturan!$B$5&CHAR(10)&Pengaturan!$B$3&"?to="&SUBSTITUTE(SUBSTITUTE(SUBSTITUTE(TRIM(A9),"%","%25"),"&","%26")," ","%20")&CHAR(10)&CHAR(10)&Pengaturan!$B$6 -> Dengan hormat, Kepada Yth. Bapak/Ibu/Saudara/i *Deasy Sherdianty* Tanpa mengurangi rasa hormat, perkenankan kami mengundang Bapak/Ibu/Saudara/i untuk menghadiri acara pernikahan kami. Berikut link undangan untuk info lengkap acara: https://weddingditonike.vercel.app/?to=Deasy%20Sherdianty Merupakan suatu kebahagiaan bagi kami apabila Bapak/Ibu/Saudara/i berkenan hadir dan memberikan doa restu. Terima kasih. Kami yang berbahagia, Dito & Nike
A10: Dian Megawati | C10: =HYPERLINK(Pengaturan!$B$3&"?to="&SUBSTITUTE(SUBSTITUTE(SUBSTITUTE(TRIM(A10),"%","%25"),"&","%26")," ","%20"),Pengaturan!$B$3&"?to="&SUBSTITUTE(SUBSTITUTE(SUBSTITUTE(TRIM(A10),"%","%25"),"&","%26")," ","%20")) -> https://weddingditonike.vercel.app/?to=Dian%20Megawati | D10: =Pengaturan!$B$4&CHAR(10)&CHAR(10)&"Kepada Yth."&CHAR(10)&"Bapak/Ibu/Saudara/i"&CHAR(10)&"*"&TRIM(A10)&"*"&CHAR(10)&CHAR(10)&Pengaturan!$B$5&CHAR(10)&Pengaturan!$B$3&"?to="&SUBSTITUTE(SUBSTITUTE(SUBSTITUTE(TRIM(A10),"%","%25"),"&","%26")," ","%20")&CHAR(10)&CHAR(10)&Pengaturan!$B$6 -> Dengan hormat, Kepada Yth. Bapak/Ibu/Saudara/i *Dian Megawati* Tanpa mengurangi rasa hormat, perkenankan kami mengundang Bapak/Ibu/Saudara/i untuk menghadiri acara pernikahan kami. Berikut link undangan untuk info lengkap acara: https://weddingditonike.vercel.app/?to=Dian%20Megawati Merupakan suatu kebahagiaan bagi kami apabila Bapak/Ibu/Saudara/i berkenan hadir dan memberikan doa restu. Terima kasih. Kami yang berbahagia, Dito & Nike
A11: Dicki Rinaldi | C11: =HYPERLINK(Pengaturan!$B$3&"?to="&SUBSTITUTE(SUBSTITUTE(SUBSTITUTE(TRIM(A11),"%","%25"),"&","%26")," ","%20"),Pengaturan!$B$3&"?to="&SUBSTITUTE(SUBSTITUTE(SUBSTITUTE(TRIM(A11),"%","%25"),"&","%26")," ","%20")) -> https://weddingditonike.vercel.app/?to=Dicki%20Rinaldi | D11: =Pengaturan!$B$4&CHAR(10)&CHAR(10)&"Kepada Yth."&CHAR(10)&"Bapak/Ibu/Saudara/i"&CHAR(10)&"*"&TRIM(A11)&"*"&CHAR(10)&CHAR(10)&Pengaturan!$B$5&CHAR(10)&Pengaturan!$B$3&"?to="&SUBSTITUTE(SUBSTITUTE(SUBSTITUTE(TRIM(A11),"%","%25"),"&","%26")," ","%20")&CHAR(10)&CHAR(10)&Pengaturan!$B$6 -> Dengan hormat, Kepada Yth. Bapak/Ibu/Saudara/i *Dicki Rinaldi* Tanpa mengurangi rasa hormat, perkenankan kami mengundang Bapak/Ibu/Saudara/i untuk menghadiri acara pernikahan kami. Berikut link undangan untuk info lengkap acara: https://weddingditonike.vercel.app/?to=Dicki%20Rinaldi Merupakan suatu kebahagiaan bagi kami apabila Bapak/Ibu/Saudara/i berkenan hadir dan memberikan doa restu. Terima kasih. Kami yang berbahagia, Dito & Nike
A12: Dimas Rizqi Dwiaji | C12: =HYPERLINK(Pengaturan!$B$3&"?to="&SUBSTITUTE(SUBSTITUTE(SUBSTITUTE(TRIM(A12),"%","%25"),"&","%26")," ","%20"),Pengaturan!$B$3&"?to="&SUBSTITUTE(SUBSTITUTE(SUBSTITUTE(TRIM(A12),"%","%25"),"&","%26")," ","%20")) -> https://weddingditonike.vercel.app/?to=Dimas%20Rizqi%20Dwiaji | D12: =Pengaturan!$B$4&CHAR(10)&CHAR(10)&"Kepada Yth."&CHAR(10)&"Bapak/Ibu/Saudara/i"&CHAR(10)&"*"&TRIM(A12)&"*"&CHAR(10)&CHAR(10)&Pengaturan!$B$5&CHAR(10)&Pengaturan!$B$3&"?to="&SUBSTITUTE(SUBSTITUTE(SUBSTITUTE(TRIM(A12),"%","%25"),"&","%26")," ","%20")&CHAR(10)&CHAR(10)&Pengaturan!$B$6 -> Dengan hormat, Kepada Yth. Bapak/Ibu/Saudara/i *Dimas Rizqi Dwiaji* Tanpa mengurangi rasa hormat, perkenankan kami mengundang Bapak/Ibu/Saudara/i untuk menghadiri acara pernikahan kami. Berikut link undangan untuk info lengkap acara: https://weddingditonike.vercel.app/?to=Dimas%20Rizqi%20Dwiaji Merupakan suatu kebahagiaan bagi kami apabila Bapak/Ibu/Saudara/i berkenan hadir dan memberikan doa restu. Terima kasih. Kami yang berbahagia, Dito & Nike
A13: Dito Alfarizi | C13: =HYPERLINK(Pengaturan!$B$3&"?to="&SUBSTITUTE(SUBSTITUTE(SUBSTITUTE(TRIM(A13),"%","%25"),"&","%26")," ","%20"),Pengaturan!$B$3&"?to="&SUBSTITUTE(SUBSTITUTE(SUBSTITUTE(TRIM(A13),"%","%25"),"&","%26")," ","%20")) -> https://weddingditonike.vercel.app/?to=Dito%20Alfarizi | D13: =Pengaturan!$B$4&CHAR(10)&CHAR(10)&"Kepada Yth."&CHAR(10)&"Bapak/Ibu/Saudara/i"&CHAR(10)&"*"&TRIM(A13)&"*"&CHAR(10)&CHAR(10)&Pengaturan!$B$5&CHAR(10)&Pengaturan!$B$3&"?to="&SUBSTITUTE(SUBSTITUTE(SUBSTITUTE(TRIM(A13),"%","%25"),"&","%26")," ","%20")&CHAR(10)&CHAR(10)&Pengaturan!$B$6 -> Dengan hormat, Kepada Yth. Bapak/Ibu/Saudara/i *Dito Alfarizi* Tanpa mengurangi rasa hormat, perkenankan kami mengundang Bapak/Ibu/Saudara/i untuk menghadiri acara pernikahan kami. Berikut link undangan untuk info lengkap acara: https://weddingditonike.vercel.app/?to=Dito%20Alfarizi Merupakan suatu kebahagiaan bagi kami apabila Bapak/Ibu/Saudara/i berkenan hadir dan memberikan doa restu. Terima kasih. Kami yang berbahagia, Dito & Nike
A14: Fatchurrosy | C14: =HYPERLINK(Pengaturan!$B$3&"?to="&SUBSTITUTE(SUBSTITUTE(SUBSTITUTE(TRIM(A14),"%","%25"),"&","%26")," ","%20"),Pengaturan!$B$3&"?to="&SUBSTITUTE(SUBSTITUTE(SUBSTITUTE(TRIM(A14),"%","%25"),"&","%26")," ","%20")) -> https://weddingditonike.vercel.app/?to=Fatchurrosy | D14: =Pengaturan!$B$4&CHAR(10)&CHAR(10)&"Kepada Yth."&CHAR(10)&"Bapak/Ibu/Saudara/i"&CHAR(10)&"*"&TRIM(A14)&"*"&CHAR(10)&CHAR(10)&Pengaturan!$B$5&CHAR(10)&Pengaturan!$B$3&"?to="&SUBSTITUTE(SUBSTITUTE(SUBSTITUTE(TRIM(A14),"%","%25"),"&","%26")," ","%20")&CHAR(10)&CHAR(10)&Pengaturan!$B$6 -> Dengan hormat, Kepada Yth. Bapak/Ibu/Saudara/i *Fatchurrosy* Tanpa mengurangi rasa hormat, perkenankan kami mengundang Bapak/Ibu/Saudara/i untuk menghadiri acara pernikahan kami. Berikut link undangan untuk info lengkap acara: https://weddingditonike.vercel.app/?to=Fatchurrosy Merupakan suatu kebahagiaan bagi kami apabila Bapak/Ibu/Saudara/i berkenan hadir dan memberikan doa restu. Terima kasih. Kami yang berbahagia, Dito & Nike
A15: Friska Uli Junita Astuty Sianturi | C15: =HYPERLINK(Pengaturan!$B$3&"?to="&SUBSTITUTE(SUBSTITUTE(SUBSTITUTE(TRIM(A15),"%","%25"),"&","%26")," ","%20"),Pengaturan!$B$3&"?to="&SUBSTITUTE(SUBSTITUTE(SUBSTITUTE(TRIM(A15),"%","%25"),"&","%26")," ","%20")) -> https://weddingditonike.vercel.app/?to=Friska%20Uli%20Junita%20Astuty%20Sianturi | D15: =Pengaturan!$B$4&CHAR(10)&CHAR(10)&"Kepada Yth."&CHAR(10)&"Bapak/Ibu/Saudara/i"&CHAR(10)&"*"&TRIM(A15)&"*"&CHAR(10)&CHAR(10)&Pengaturan!$B$5&CHAR(10)&Pengaturan!$B$3&"?to="&SUBSTITUTE(SUBSTITUTE(SUBSTITUTE(TRIM(A15),"%","%25"),"&","%26")," ","%20")&CHAR(10)&CHAR(10)&Pengaturan!$B$6 -> Dengan hormat, Kepada Yth. Bapak/Ibu/Saudara/i *Friska Uli Junita Astuty Sianturi* Tanpa mengurangi rasa hormat, perkenankan kami mengundang Bapak/Ibu/Saudara/i untuk menghadiri acara pernikahan kami. Berikut link undangan untuk info lengkap acara: https://weddingditonike.vercel.app/?to=Friska%20Uli%20Junita%20Astuty%20Sianturi Merupakan suatu kebahagiaan bagi kami apabila Bapak/Ibu/Saudara/i berkenan hadir dan memberikan doa restu. Terima kasih. Kami yang berbahagia, Dito & Nike
... A22: Wahyudin | C22: =HYPERLINK(Pengaturan!$B$3&"?to="&SUBSTITUTE(SUBSTITUTE(SUBSTITUTE(TRIM(A22),"%","%25"),"&","%26")," ","%20"),Pengaturan!$B$3&"?to="&SUBSTITUTE(SUBSTITUTE(SUBSTITUTE(TRIM(A22),"%","%25"),"&","%26")," ","%20")) -> https://weddingditonike.vercel.app/?to=Wahyudin | D22: =Pengaturan!$B$4&CHAR(10)&CHAR(10)&"Kepada Yth."&CHAR(10)&"Bapak/Ibu/Saudara/i"&CHAR(10)&"*"&TRIM(A22)&"*"&CHAR(10)&CHAR(10)&Pengaturan!$B$5&CHAR(10)&Pengaturan!$B$3&"?to="&SUBSTITUTE(SUBSTITUTE(SUBSTITUTE(TRIM(A22),"%","%25"),"&","%26")," ","%20")&CHAR(10)&CHAR(10)&Pengaturan!$B$6 -> Dengan hormat, Kepada Yth. Bapak/Ibu/Saudara/i *Wahyudin* Tanpa mengurangi rasa hormat, perkenankan kami mengundang Bapak/Ibu/Saudara/i untuk menghadiri acara pernikahan kami. Berikut link undangan untuk info lengkap acara: https://weddingditonike.vercel.app/?to=Wahyudin Merupakan suatu kebahagiaan bagi kami apabila Bapak/Ibu/Saudara/i berkenan hadir dan memberikan doa restu. Terima kasih. Kami yang berbahagia, Dito & Nike
A23: Yuli Suryani | B23: Bagian Pemindahtanganan, Pemusnahan, dan Penghapusan BMN | C23: =HYPERLINK(Pengaturan!$B$3&"?to="&SUBSTITUTE(SUBSTITUTE(SUBSTITUTE(TRIM(A23),"%","%25"),"&","%26")," ","%20"),Pengaturan!$B$3&"?to="&SUBSTITUTE(SUBSTITUTE(SUBSTITUTE(TRIM(A23),"%","%25"),"&","%26")," ","%20")) -> https://weddingditonike.vercel.app/?to=Yuli%20Suryani | D23: =Pengaturan!$B$4&CHAR(10)&CHAR(10)&"Kepada Yth."&CHAR(10)&"Bapak/Ibu/Saudara/i"&CHAR(10)&"*"&TRIM(A23)&"*"&CHAR(10)&CHAR(10)&Pengaturan!$B$5&CHAR(10)&Pengaturan!$B$3&"?to="&SUBSTITUTE(SUBSTITUTE(SUBSTITUTE(TRIM(A23),"%","%25"),"&","%26")," ","%20")&CHAR(10)&CHAR(10)&Pengaturan!$B$6 -> Dengan hormat, Kepada Yth. Bapak/Ibu/Saudara/i *Yuli Suryani* Tanpa mengurangi rasa hormat, perkenankan kami mengundang Bapak/Ibu/Saudara/i untuk menghadiri acara pernikahan kami. Berikut link undangan untuk info lengkap acara: https://weddingditonike.vercel.app/?to=Yuli%20Suryani Merupakan suatu kebahagiaan bagi kami apabila Bapak/Ibu/Saudara/i berkenan hadir dan memberikan doa restu. Terima kasih. Kami yang berbahagia, Dito & Nike
A24: Agus Prayoga | C24: =HYPERLINK(Pengaturan!$B$3&"?to="&SUBSTITUTE(SUBSTITUTE(SUBSTITUTE(TRIM(A24),"%","%25"),"&","%26")," ","%20"),Pengaturan!$B$3&"?to="&SUBSTITUTE(SUBSTITUTE(SUBSTITUTE(TRIM(A24),"%","%25"),"&","%26")," ","%20")) -> https://weddingditonike.vercel.app/?to=Agus%20Prayoga | D24: =Pengaturan!$B$4&CHAR(10)&CHAR(10)&"Kepada Yth."&CHAR(10)&"Bapak/Ibu/Saudara/i"&CHAR(10)&"*"&TRIM(A24)&"*"&CHAR(10)&CHAR(10)&Pengaturan!$B$5&CHAR(10)&Pengaturan!$B$3&"?to="&SUBSTITUTE(SUBSTITUTE(SUBSTITUTE(TRIM(A24),"%","%25"),"&","%26")," ","%20")&CHAR(10)&CHAR(10)&Pengaturan!$B$6 -> Dengan hormat, Kepada Yth. Bapak/Ibu/Saudara/i *Agus Prayoga* Tanpa mengurangi rasa hormat, perkenankan kami mengundang Bapak/Ibu/Saudara/i untuk menghadiri acara pernikahan kami. Berikut link undangan untuk info lengkap acara: https://weddingditonike.vercel.app/?to=Agus%20Prayoga Merupakan suatu kebahagiaan bagi kami apabila Bapak/Ibu/Saudara/i berkenan hadir dan memberikan doa restu. Terima kasih. Kami yang berbahagia, Dito & Nike
A25: Beny Rudianto | C25: =HYPERLINK(Pengaturan!$B$3&"?to="&SUBSTITUTE(SUBSTITUTE(SUBSTITUTE(TRIM(A25),"%","%25"),"&","%26")," ","%20"),Pengaturan!$B$3&"?to="&SUBSTITUTE(SUBSTITUTE(SUBSTITUTE(TRIM(A25),"%","%25"),"&","%26")," ","%20")) -> https://weddingditonike.vercel.app/?to=Beny%20Rudianto | D25: =Pengaturan!$B$4&CHAR(10)&CHAR(10)&"Kepada Yth."&CHAR(10)&"Bapak/Ibu/Saudara/i"&CHAR(10)&"*"&TRIM(A25)&"*"&CHAR(10)&CHAR(10)&Pengaturan!$B$5&CHAR(10)&Pengaturan!$B$3&"?to="&SUBSTITUTE(SUBSTITUTE(SUBSTITUTE(TRIM(A25),"%","%25"),"&","%26")," ","%20")&CHAR(10)&CHAR(10)&Pengaturan!$B$6 -> Dengan hormat, Kepada Yth. Bapak/Ibu/Saudara/i *Beny Rudianto* Tanpa mengurangi rasa hormat, perkenankan kami mengundang Bapak/Ibu/Saudara/i untuk menghadiri acara pernikahan kami. Berikut link undangan untuk info lengkap acara: https://weddingditonike.vercel.app/?to=Beny%20Rudianto Merupakan suatu kebahagiaan bagi kami apabila Bapak/Ibu/Saudara/i berkenan hadir dan memberikan doa restu. Terima kasih. Kami yang berbahagia, Dito & Nike
A26: Carlos Tua March Siburian | C26: =HYPERLINK(Pengaturan!$B$3&"?to="&SUBSTITUTE(SUBSTITUTE(SUBSTITUTE(TRIM(A26),"%","%25"),"&","%26")," ","%20"),Pengaturan!$B$3&"?to="&SUBSTITUTE(SUBSTITUTE(SUBSTITUTE(TRIM(A26),"%","%25"),"&","%26")," ","%20")) -> https://weddingditonike.vercel.app/?to=Carlos%20Tua%20March%20Siburian | D26: =Pengaturan!$B$4&CHAR(10)&CHAR(10)&"Kepada Yth."&CHAR(10)&"Bapak/Ibu/Saudara/i"&CHAR(10)&"*"&TRIM(A26)&"*"&CHAR(10)&CHAR(10)&Pengaturan!$B$5&CHAR(10)&Pengaturan!$B$3&"?to="&SUBSTITUTE(SUBSTITUTE(SUBSTITUTE(TRIM(A26),"%","%25"),"&","%26")," ","%20")&CHAR(10)&CHAR(10)&Pengaturan!$B$6 -> Dengan hormat, Kepada Yth. Bapak/Ibu/Saudara/i *Carlos Tua March Siburian* Tanpa mengurangi rasa hormat, perkenankan kami mengundang Bapak/Ibu/Saudara/i untuk menghadiri acara pernikahan kami. Berikut link undangan untuk info lengkap acara: https://weddingditonike.vercel.app/?to=Carlos%20Tua%20March%20Siburian Merupakan suatu kebahagiaan bagi kami apabila Bapak/Ibu/Saudara/i berkenan hadir dan memberikan doa restu. Terima kasih. Kami yang berbahagia, Dito & Nike
A27: Dawiyah | C27: =HYPERLINK(Pengaturan!$B$3&"?to="&SUBSTITUTE(SUBSTITUTE(SUBSTITUTE(TRIM(A27),"%","%25"),"&","%26")," ","%20"),Pengaturan!$B$3&"?to="&SUBSTITUTE(SUBSTITUTE(SUBSTITUTE(TRIM(A27),"%","%25"),"&","%26")," ","%20")) -> https://weddingditonike.vercel.app/?to=Dawiyah | D27: =Pengaturan!$B$4&CHAR(10)&CHAR(10)&"Kepada Yth."&CHAR(10)&"Bapak/Ibu/Saudara/i"&CHAR(10)&"*"&TRIM(A27)&"*"&CHAR(10)&CHAR(10)&Pengaturan!$B$5&CHAR(10)&Pengaturan!$B$3&"?to="&SUBSTITUTE(SUBSTITUTE(SUBSTITUTE(TRIM(A27),"%","%25"),"&","%26")," ","%20")&CHAR(10)&CHAR(10)&Pengaturan!$B$6 -> Dengan hormat, Kepada Yth. Bapak/Ibu/Saudara/i *Dawiyah* Tanpa mengurangi rasa hormat, perkenankan kami mengundang Bapak/Ibu/Saudara/i untuk menghadiri acara pernikahan kami. Berikut link undangan untuk info lengkap acara: https://weddingditonike.vercel.app/?to=Dawiyah Merupakan suatu kebahagiaan bagi kami apabila Bapak/Ibu/Saudara/i berkenan hadir dan memberikan doa restu. Terima kasih. Kami yang berbahagia, Dito & Nike
A28: Fajar Nugraha | C28: =HYPERLINK(Pengaturan!$B$3&"?to="&SUBSTITUTE(SUBSTITUTE(SUBSTITUTE(TRIM(A28),"%","%25"),"&","%26")," ","%20"),Pengaturan!$B$3&"?to="&SUBSTITUTE(SUBSTITUTE(SUBSTITUTE(TRIM(A28),"%","%25"),"&","%26")," ","%20")) -> https://weddingditonike.vercel.app/?to=Fajar%20Nugraha | D28: =Pengaturan!$B$4&CHAR(10)&CHAR(10)&"Kepada Yth."&CHAR(10)&"Bapak/Ibu/Saudara/i"&CHAR(10)&"*"&TRIM(A28)&"*"&CHAR(10)&CHAR(10)&Pengaturan!$B$5&CHAR(10)&Pengaturan!$B$3&"?to="&SUBSTITUTE(SUBSTITUTE(SUBSTITUTE(TRIM(A28),"%","%25"),"&","%26")," ","%20")&CHAR(10)&CHAR(10)&Pengaturan!$B$6 -> Dengan hormat, Kepada Yth. Bapak/Ibu/Saudara/i *Fajar Nugraha* Tanpa mengurangi rasa hormat, perkenankan kami mengundang Bapak/Ibu/Saudara/i untuk menghadiri acara pernikahan kami. Berikut link undangan untuk info lengkap acara: https://weddingditonike.vercel.app/?to=Fajar%20Nugraha Merupakan suatu kebahagiaan bagi kami apabila Bapak/Ibu/Saudara/i berkenan hadir dan memberikan doa restu. Terima kasih. Kami yang berbahagia, Dito & Nike
A29: Hafizh Zaghlul Rizal | C29: =HYPERLINK(Pengaturan!$B$3&"?to="&SUBSTITUTE(SUBSTITUTE(SUBSTITUTE(TRIM(A29),"%","%25"),"&","%26")," ","%20"),Pengaturan!$B$3&"?to="&SUBSTITUTE(SUBSTITUTE(SUBSTITUTE(TRIM(A29),"%","%25"),"&","%26")," ","%20")) -> https://weddingditonike.vercel.app/?to=Hafizh%20Zaghlul%20Rizal | D29: =Pengaturan!$B$4&CHAR(10)&CHAR(10)&"Kepada Yth."&CHAR(10)&"Bapak/Ibu/Saudara/i"&CHAR(10)&"*"&TRIM(A29)&"*"&CHAR(10)&CHAR(10)&Pengaturan!$B$5&CHAR(10)&Pengaturan!$B$3&"?to="&SUBSTITUTE(SUBSTITUTE(SUBSTITUTE(TRIM(A29),"%","%25"),"&","%26")," ","%20")&CHAR(10)&CHAR(10)&Pengaturan!$B$6 -> Dengan hormat, Kepada Yth. Bapak/Ibu/Saudara/i *Hafizh Zaghlul Rizal* Tanpa mengurangi rasa hormat, perkenankan kami mengundang Bapak/Ibu/Saudara/i untuk menghadiri acara pernikahan kami. Berikut link undangan untuk info lengkap acara: https://weddingditonike.vercel.app/?to=Hafizh%20Zaghlul%20Rizal Merupakan suatu kebahagiaan bagi kami apabila Bapak/Ibu/Saudara/i berkenan hadir dan memberikan doa restu. Terima kasih. Kami yang berbahagia, Dito & Nike
A30: Hendri Febrianto | C30: =HYPERLINK(Pengaturan!$B$3&"?to="&SUBSTITUTE(SUBSTITUTE(SUBSTITUTE(TRIM(A30),"%","%25"),"&","%26")," ","%20"),Pengaturan!$B$3&"?to="&SUBSTITUTE(SUBSTITUTE(SUBSTITUTE(TRIM(A30),"%","%25"),"&","%26")," ","%20")) -> https://weddingditonike.vercel.app/?to=Hendri%20Febrianto | D30: =Pengaturan!$B$4&CHAR(10)&CHAR(10)&"Kepada Yth."&CHAR(10)&"Bapak/Ibu/Saudara/i"&CHAR(10)&"*"&TRIM(A30)&"*"&CHAR(10)&CHAR(10)&Pengaturan!$B$5&CHAR(10)&Pengaturan!$B$3&"?to="&SUBSTITUTE(SUBSTITUTE(SUBSTITUTE(TRIM(A30),"%","%25"),"&","%26")," ","%20")&CHAR(10)&CHAR(10)&Pengaturan!$B$6 -> Dengan hormat, Kepada Yth. Bapak/Ibu/Saudara/i *Hendri Febrianto* Tanpa mengurangi rasa hormat, perkenankan kami mengundang Bapak/Ibu/Saudara/i untuk menghadiri acara pernikahan kami. Berikut link undangan untuk info lengkap acara: https://weddingditonike.vercel.app/?to=Hendri%20Febrianto Merupakan suatu kebahagiaan bagi kami apabila Bapak/Ibu/Saudara/i berkenan hadir dan memberikan doa restu. Terima kasih. Kami yang berbahagia, Dito & Nike
A31: Hutamaning Margo Raharjo | C31: =HYPERLINK(Pengaturan!$B$3&"?to="&SUBSTITUTE(SUBSTITUTE(SUBSTITUTE(TRIM(A31),"%","%25"),"&","%26")," ","%20"),Pengaturan!$B$3&"?to="&SUBSTITUTE(SUBSTITUTE(SUBSTITUTE(TRIM(A31),"%","%25"),"&","%26")," ","%20")) -> https://weddingditonike.vercel.app/?to=Hutamaning%20Margo%20Raharjo | D31: =Pengaturan!$B$4&CHAR(10)&CHAR(10)&"Kepada Yth."&CHAR(10)&"Bapak/Ibu/Saudara/i"&CHAR(10)&"*"&TRIM(A31)&"*"&CHAR(10)&CHAR(10)&Pengaturan!$B$5&CHAR(10)&Pengaturan!$B$3&"?to="&SUBSTITUTE(SUBSTITUTE(SUBSTITUTE(TRIM(A31),"%","%25"),"&","%26")," ","%20")&CHAR(10)&CHAR(10)&Pengaturan!$B$6 -> Dengan hormat, Kepada Yth. Bapak/Ibu/Saudara/i *Hutamaning Margo Raharjo* Tanpa mengurangi rasa hormat, perkenankan kami mengundang Bapak/Ibu/Saudara/i untuk menghadiri acara pernikahan kami. Berikut link undangan untuk info lengkap acara: https://weddingditonike.vercel.app/?to=Hutamaning%20Margo%20Raharjo Merupakan suatu kebahagiaan bagi kami apabila Bapak/Ibu/Saudara/i berkenan hadir dan memberikan doa restu. Terima kasih. Kami yang berbahagia, Dito & Nike
A32: Isabela Reksa Dini | C32: =HYPERLINK(Pengaturan!$B$3&"?to="&SUBSTITUTE(SUBSTITUTE(SUBSTITUTE(TRIM(A32),"%","%25"),"&","%26")," ","%20"),Pengaturan!$B$3&"?to="&SUBSTITUTE(SUBSTITUTE(SUBSTITUTE(TRIM(A32),"%","%25"),"&","%26")," ","%20")) -> https://weddingditonike.vercel.app/?to=Isabela%20Reksa%20Dini | D32: =Pengaturan!$B$4&CHAR(10)&CHAR(10)&"Kepada Yth."&CHAR(10)&"Bapak/Ibu/Saudara/i"&CHAR(10)&"*"&TRIM(A32)&"*"&CHAR(10)&CHAR(10)&Pengaturan!$B$5&CHAR(10)&Pengaturan!$B$3&"?to="&SUBSTITUTE(SUBSTITUTE(SUBSTITUTE(TRIM(A32),"%","%25"),"&","%26")," ","%20")&CHAR(10)&CHAR(10)&Pengaturan!$B$6 -> Dengan hormat, Kepada Yth. Bapak/Ibu/Saudara/i *Isabela Reksa Dini* Tanpa mengurangi rasa hormat, perkenankan kami mengundang Bapak/Ibu/Saudara/i untuk menghadiri acara pernikahan kami. Berikut link undangan untuk info lengkap acara: https://weddingditonike.vercel.app/?to=Isabela%20Reksa%20Dini Merupakan suatu kebahagiaan bagi kami apabila Bapak/Ibu/Saudara/i berkenan hadir dan memberikan doa restu. Terima kasih. Kami yang berbahagia, Dito & Nike
A33: Lia Yulianti | C33: =HYPERLINK(Pengaturan!$B$3&"?to="&SUBSTITUTE(SUBSTITUTE(SUBSTITUTE(TRIM(A33),"%","%25"),"&","%26")," ","%20"),Pengaturan!$B$3&"?to="&SUBSTITUTE(SUBSTITUTE(SUBSTITUTE(TRIM(A33),"%","%25"),"&","%26")," ","%20")) -> https://weddingditonike.vercel.app/?to=Lia%20Yulianti | D33: =Pengaturan!$B$4&CHAR(10)&CHAR(10)&"Kepada Yth."&CHAR(10)&"Bapak/Ibu/Saudara/i"&CHAR(10)&"*"&TRIM(A33)&"*"&CHAR(10)&CHAR(10)&Pengaturan!$B$5&CHAR(10)&Pengaturan!$B$3&"?to="&SUBSTITUTE(SUBSTITUTE(SUBSTITUTE(TRIM(A33),"%","%25"),"&","%26")," ","%20")&CHAR(10)&CHAR(10)&Pengaturan!$B$6 -> Dengan hormat, Kepada Yth. Bapak/Ibu/Saudara/i *Lia Yulianti* Tanpa mengurangi rasa hormat, perkenankan kami mengundang Bapak/Ibu/Saudara/i untuk menghadiri acara pernikahan kami. Berikut link undangan untuk info lengkap acara: https://weddingditonike.vercel.app/?to=Lia%20Yulianti Merupakan suatu kebahagiaan bagi kami apabila Bapak/Ibu/Saudara/i berkenan hadir dan memberikan doa restu. Terima kasih. Kami yang berbahagia, Dito & Nike
A34: Nail Rizqi Afwanadli Purba | C34: =HYPERLINK(Pengaturan!$B$3&"?to="&SUBSTITUTE(SUBSTITUTE(SUBSTITUTE(TRIM(A34),"%","%25"),"&","%26")," ","%20"),Pengaturan!$B$3&"?to="&SUBSTITUTE(SUBSTITUTE(SUBSTITUTE(TRIM(A34),"%","%25"),"&","%26")," ","%20")) -> https://weddingditonike.vercel.app/?to=Nail%20Rizqi%20Afwanadli%20Purba | D34: =Pengaturan!$B$4&CHAR(10)&CHAR(10)&"Kepada Yth."&CHAR(10)&"Bapak/Ibu/Saudara/i"&CHAR(10)&"*"&TRIM(A34)&"*"&CHAR(10)&CHAR(10)&Pengaturan!$B$5&CHAR(10)&Pengaturan!$B$3&"?to="&SUBSTITUTE(SUBSTITUTE(SUBSTITUTE(TRIM(A34),"%","%25"),"&","%26")," ","%20")&CHAR(10)&CHAR(10)&Pengaturan!$B$6 -> Dengan hormat, Kepada Yth. Bapak/Ibu/Saudara/i *Nail Rizqi Afwanadli Purba* Tanpa mengurangi rasa hormat, perkenankan kami mengundang Bapak/Ibu/Saudara/i untuk menghadiri acara pernikahan kami. Berikut link undangan untuk info lengkap acara: https://weddingditonike.vercel.app/?to=Nail%20Rizqi%20Afwanadli%20Purba Merupakan suatu kebahagiaan bagi kami apabila Bapak/Ibu/Saudara/i berkenan hadir dan memberikan doa restu. Terima kasih. Kami yang berbahagia, Dito & Nike
A35: Rayi Setyaningsih | C35: =HYPERLINK(Pengaturan!$B$3&"?to="&SUBSTITUTE(SUBSTITUTE(SUBSTITUTE(TRIM(A35),"%","%25"),"&","%26")," ","%20"),Pengaturan!$B$3&"?to="&SUBSTITUTE(SUBSTITUTE(SUBSTITUTE(TRIM(A35),"%","%25"),"&","%26")," ","%20")) -> https://weddingditonike.vercel.app/?to=Rayi%20Setyaningsih | D35: =Pengaturan!$B$4&CHAR(10)&CHAR(10)&"Kepada Yth."&CHAR(10)&"Bapak/Ibu/Saudara/i"&CHAR(10)&"*"&TRIM(A35)&"*"&CHAR(10)&CHAR(10)&Pengaturan!$B$5&CHAR(10)&Pengaturan!$B$3&"?to="&SUBSTITUTE(SUBSTITUTE(SUBSTITUTE(TRIM(A35),"%","%25"),"&","%26")," ","%20")&CHAR(10)&CHAR(10)&Pengaturan!$B$6 -> Dengan hormat, Kepada Yth. Bapak/Ibu/Saudara/i *Rayi Setyaningsih* Tanpa mengurangi rasa hormat, perkenankan kami mengundang Bapak/Ibu/Saudara/i untuk menghadiri acara pernikahan kami. Berikut link undangan untuk info lengkap acara: https://weddingditonike.vercel.app/?to=Rayi%20Setyaningsih Merupakan suatu kebahagiaan bagi kami apabila Bapak/Ibu/Saudara/i berkenan hadir dan memberikan doa restu. Terima kasih. Kami yang berbahagia, Dito & Nike
... A39: Yujiyono | C39: =HYPERLINK(Pengaturan!$B$3&"?to="&SUBSTITUTE(SUBSTITUTE(SUBSTITUTE(TRIM(A39),"%","%25"),"&","%26")," ","%20"),Pengaturan!$B$3&"?to="&SUBSTITUTE(SUBSTITUTE(SUBSTITUTE(TRIM(A39),"%","%25"),"&","%26")," ","%20")) -> https://weddingditonike.vercel.app/?to=Yujiyono | D39: =Pengaturan!$B$4&CHAR(10)&CHAR(10)&"Kepada Yth."&CHAR(10)&"Bapak/Ibu/Saudara/i"&CHAR(10)&"*"&TRIM(A39)&"*"&CHAR(10)&CHAR(10)&Pengaturan!$B$5&CHAR(10)&Pengaturan!$B$3&"?to="&SUBSTITUTE(SUBSTITUTE(SUBSTITUTE(TRIM(A39),"%","%25"),"&","%26")," ","%20")&CHAR(10)&CHAR(10)&Pengaturan!$B$6 -> Dengan hormat, Kepada Yth. Bapak/Ibu/Saudara/i *Yujiyono* Tanpa mengurangi rasa hormat, perkenankan kami mengundang Bapak/Ibu/Saudara/i untuk menghadiri acara pernikahan kami. Berikut link undangan untuk info lengkap acara: https://weddingditonike.vercel.app/?to=Yujiyono Merupakan suatu kebahagiaan bagi kami apabila Bapak/Ibu/Saudara/i berkenan hadir dan memberikan doa restu. Terima kasih. Kami yang berbahagia, Dito & Nike
A40: Gamal Maulian | B40: Bagian Penatausahaan, Penggunaan, dan RKBMN | C40: =HYPERLINK(Pengaturan!$B$3&"?to="&SUBSTITUTE(SUBSTITUTE(SUBSTITUTE(TRIM(A40),"%","%25"),"&","%26")," ","%20"),Pengaturan!$B$3&"?to="&SUBSTITUTE(SUBSTITUTE(SUBSTITUTE(TRIM(A40),"%","%25"),"&","%26")," ","%20")) -> https://weddingditonike.vercel.app/?to=Gamal%20Maulian | D40: =Pengaturan!$B$4&CHAR(10)&CHAR(10)&"Kepada Yth."&CHAR(10)&"Bapak/Ibu/Saudara/i"&CHAR(10)&"*"&TRIM(A40)&"*"&CHAR(10)&CHAR(10)&Pengaturan!$B$5&CHAR(10)&Pengaturan!$B$3&"?to="&SUBSTITUTE(SUBSTITUTE(SUBSTITUTE(TRIM(A40),"%","%25"),"&","%26")," ","%20")&CHAR(10)&CHAR(10)&Pengaturan!$B$6 -> Dengan hormat, Kepada Yth. Bapak/Ibu/Saudara/i *Gamal Maulian* Tanpa mengurangi rasa hormat, perkenankan kami mengundang Bapak/Ibu/Saudara/i untuk menghadiri acara pernikahan kami. Berikut link undangan untuk info lengkap acara: https://weddingditonike.vercel.app/?to=Gamal%20Maulian Merupakan suatu kebahagiaan bagi kami apabila Bapak/Ibu/Saudara/i berkenan hadir dan memberikan doa restu. Terima kasih. Kami yang berbahagia, Dito & Nike
A41: Afiifah Eka Prastiyani | C41: =HYPERLINK(Pengaturan!$B$3&"?to="&SUBSTITUTE(SUBSTITUTE(SUBSTITUTE(TRIM(A41),"%","%25"),"&","%26")," ","%20"),Pengaturan!$B$3&"?to="&SUBSTITUTE(SUBSTITUTE(SUBSTITUTE(TRIM(A41),"%","%25"),"&","%26")," ","%20")) -> https://weddingditonike.vercel.app/?to=Afiifah%20Eka%20Prastiyani | D41: =Pengaturan!$B$4&CHAR(10)&CHAR(10)&"Kepada Yth."&CHAR(10)&"Bapak/Ibu/Saudara/i"&CHAR(10)&"*"&TRIM(A41)&"*"&CHAR(10)&CHAR(10)&Pengaturan!$B$5&CHAR(10)&Pengaturan!$B$3&"?to="&SUBSTITUTE(SUBSTITUTE(SUBSTITUTE(TRIM(A41),"%","%25"),"&","%26")," ","%20")&CHAR(10)&CHAR(10)&Pengaturan!$B$6 -> Dengan hormat, Kepada Yth. Bapak/Ibu/Saudara/i *Afiifah Eka Prastiyani* Tanpa mengurangi rasa hormat, perkenankan kami mengundang Bapak/Ibu/Saudara/i untuk menghadiri acara pernikahan kami. Berikut link undangan untuk info lengkap acara: https://weddingditonike.vercel.app/?to=Afiifah%20Eka%20Prastiyani Merupakan suatu kebahagiaan bagi kami apabila Bapak/Ibu/Saudara/i berkenan hadir dan memberikan doa restu. Terima kasih. Kami yang berbahagia, Dito & Nike
A42: Ahmad Maulana | C42: =HYPERLINK(Pengaturan!$B$3&"?to="&SUBSTITUTE(SUBSTITUTE(SUBSTITUTE(TRIM(A42),"%","%25"),"&","%26")," ","%20"),Pengaturan!$B$3&"?to="&SUBSTITUTE(SUBSTITUTE(SUBSTITUTE(TRIM(A42),"%","%25"),"&","%26")," ","%20")) -> https://weddingditonike.vercel.app/?to=Ahmad%20Maulana | D42: =Pengaturan!$B$4&CHAR(10)&CHAR(10)&"Kepada Yth."&CHAR(10)&"Bapak/Ibu/Saudara/i"&CHAR(10)&"*"&TRIM(A42)&"*"&CHAR(10)&CHAR(10)&Pengaturan!$B$5&CHAR(10)&Pengaturan!$B$3&"?to="&SUBSTITUTE(SUBSTITUTE(SUBSTITUTE(TRIM(A42),"%","%25"),"&","%26")," ","%20")&CHAR(10)&CHAR(10)&Pengaturan!$B$6 -> Dengan hormat, Kepada Yth. Bapak/Ibu/Saudara/i *Ahmad Maulana* Tanpa mengurangi rasa hormat, perkenankan kami mengundang Bapak/Ibu/Saudara/i untuk menghadiri acara pernikahan kami. Berikut link undangan untuk info lengkap acara: https://weddingditonike.vercel.app/?to=Ahmad%20Maulana Merupakan suatu kebahagiaan bagi kami apabila Bapak/Ibu/Saudara/i berkenan hadir dan memberikan doa restu. Terima kasih. Kami yang berbahagia, Dito & Nike
A43: Ahmad Zaki | C43: =HYPERLINK(Pengaturan!$B$3&"?to="&SUBSTITUTE(SUBSTITUTE(SUBSTITUTE(TRIM(A43),"%","%25"),"&","%26")," ","%20"),Pengaturan!$B$3&"?to="&SUBSTITUTE(SUBSTITUTE(SUBSTITUTE(TRIM(A43),"%","%25"),"&","%26")," ","%20")) -> https://weddingditonike.vercel.app/?to=Ahmad%20Zaki | D43: =Pengaturan!$B$4&CHAR(10)&CHAR(10)&"Kepada Yth."&CHAR(10)&"Bapak/Ibu/Saudara/i"&CHAR(10)&"*"&TRIM(A43)&"*"&CHAR(10)&CHAR(10)&Pengaturan!$B$5&CHAR(10)&Pengaturan!$B$3&"?to="&SUBSTITUTE(SUBSTITUTE(SUBSTITUTE(TRIM(A43),"%","%25"),"&","%26")," ","%20")&CHAR(10)&CHAR(10)&Pengaturan!$B$6 -> Dengan hormat, Kepada Yth. Bapak/Ibu/Saudara/i *Ahmad Zaki* Tanpa mengurangi rasa hormat, perkenankan kami mengundang Bapak/Ibu/Saudara/i untuk menghadiri acara pernikahan kami. Berikut link undangan untuk info lengkap acara: https://weddingditonike.vercel.app/?to=Ahmad%20Zaki Merupakan suatu kebahagiaan bagi kami apabila Bapak/Ibu/Saudara/i berkenan hadir dan memberikan doa restu. Terima kasih. Kami yang berbahagia, Dito & Nike
A44: Amir Husein Sarumpaet | C44: =HYPERLINK(Pengaturan!$B$3&"?to="&SUBSTITUTE(SUBSTITUTE(SUBSTITUTE(TRIM(A44),"%","%25"),"&","%26")," ","%20"),Pengaturan!$B$3&"?to="&SUBSTITUTE(SUBSTITUTE(SUBSTITUTE(TRIM(A44),"%","%25"),"&","%26")," ","%20")) -> https://weddingditonike.vercel.app/?to=Amir%20Husein%20Sarumpaet | D44: =Pengaturan!$B$4&CHAR(10)&CHAR(10)&"Kepada Yth."&CHAR(10)&"Bapak/Ibu/Saudara/i"&CHAR(10)&"*"&TRIM(A44)&"*"&CHAR(10)&CHAR(10)&Pengaturan!$B$5&CHAR(10)&Pengaturan!$B$3&"?to="&SUBSTITUTE(SUBSTITUTE(SUBSTITUTE(TRIM(A44),"%","%25"),"&","%26")," ","%20")&CHAR(10)&CHAR(10)&Pengaturan!$B$6 -> Dengan hormat, Kepada Yth. Bapak/Ibu/Saudara/i *Amir Husein Sarumpaet* Tanpa mengurangi rasa hormat, perkenankan kami mengundang Bapak/Ibu/Saudara/i untuk menghadiri acara pernikahan kami. Berikut link undangan untuk info lengkap acara: https://weddingditonike.vercel.app/?to=Amir%20Husein%20Sarumpaet Merupakan suatu kebahagiaan bagi kami apabila Bapak/Ibu/Saudara/i berkenan hadir dan memberikan doa restu. Terima kasih. Kami yang berbahagia, Dito & Nike
A45: Dita Solihati | C45: =HYPERLINK(Pengaturan!$B$3&"?to="&SUBSTITUTE(SUBSTITUTE(SUBSTITUTE(TRIM(A45),"%","%25"),"&","%26")," ","%20"),Pengaturan!$B$3&"?to="&SUBSTITUTE(SUBSTITUTE(SUBSTITUTE(TRIM(A45),"%","%25"),"&","%26")," ","%20")) -> https://weddingditonike.vercel.app/?to=Dita%20Solihati | D45: =Pengaturan!$B$4&CHAR(10)&CHAR(10)&"Kepada Yth."&CHAR(10)&"Bapak/Ibu/Saudara/i"&CHAR(10)&"*"&TRIM(A45)&"*"&CHAR(10)&CHAR(10)&Pengaturan!$B$5&CHAR(10)&Pengaturan!$B$3&"?to="&SUBSTITUTE(SUBSTITUTE(SUBSTITUTE(TRIM(A45),"%","%25"),"&","%26")," ","%20")&CHAR(10)&CHAR(10)&Pengaturan!$B$6 -> Dengan hormat, Kepada Yth. Bapak/Ibu/Saudara/i *Dita Solihati* Tanpa mengurangi rasa hormat, perkenankan kami mengundang Bapak/Ibu/Saudara/i untuk menghadiri acara pernikahan kami. Berikut link undangan untuk info lengkap acara: https://weddingditonike.vercel.app/?to=Dita%20Solihati Merupakan suatu kebahagiaan bagi kami apabila Bapak/Ibu/Saudara/i berkenan hadir dan memberikan doa restu. Terima kasih. Kami yang berbahagia, Dito & Nike
A46: Fakhri Jauhari Patria | C46: =HYPERLINK(Pengaturan!$B$3&"?to="&SUBSTITUTE(SUBSTITUTE(SUBSTITUTE(TRIM(A46),"%","%25"),"&","%26")," ","%20"),Pengaturan!$B$3&"?to="&SUBSTITUTE(SUBSTITUTE(SUBSTITUTE(TRIM(A46),"%","%25"),"&","%26")," ","%20")) -> https://weddingditonike.vercel.app/?to=Fakhri%20Jauhari%20Patria | D46: =Pengaturan!$B$4&CHAR(10)&CHAR(10)&"Kepada Yth."&CHAR(10)&"Bapak/Ibu/Saudara/i"&CHAR(10)&"*"&TRIM(A46)&"*"&CHAR(10)&CHAR(10)&Pengaturan!$B$5&CHAR(10)&Pengaturan!$B$3&"?to="&SUBSTITUTE(SUBSTITUTE(SUBSTITUTE(TRIM(A46),"%","%25"),"&","%26")," ","%20")&CHAR(10)&CHAR(10)&Pengaturan!$B$6 -> Dengan hormat, Kepada Yth. Bapak/Ibu/Saudara/i *Fakhri Jauhari Patria* Tanpa mengurangi rasa hormat, perkenankan kami mengundang Bapak/Ibu/Saudara/i untuk menghadiri acara pernikahan kami. Berikut link undangan untuk info lengkap acara: https://weddingditonike.vercel.app/?to=Fakhri%20Jauhari%20Patria Merupakan suatu kebahagiaan bagi kami apabila Bapak/Ibu/Saudara/i berkenan hadir dan memberikan doa restu. Terima kasih. Kami yang berbahagia, Dito & Nike
A47: Gd Arya Mahendra Putra | C47: =HYPERLINK(Pengaturan!$B$3&"?to="&SUBSTITUTE(SUBSTITUTE(SUBSTITUTE(TRIM(A47),"%","%25"),"&","%26")," ","%20"),Pengaturan!$B$3&"?to="&SUBSTITUTE(SUBSTITUTE(SUBSTITUTE(TRIM(A47),"%","%25"),"&","%26")," ","%20")) -> https://weddingditonike.vercel.app/?to=Gd%20Arya%20Mahendra%20Putra | D47: =Pengaturan!$B$4&CHAR(10)&CHAR(10)&"Kepada Yth."&CHAR(10)&"Bapak/Ibu/Saudara/i"&CHAR(10)&"*"&TRIM(A47)&"*"&CHAR(10)&CHAR(10)&Pengaturan!$B$5&CHAR(10)&Pengaturan!$B$3&"?to="&SUBSTITUTE(SUBSTITUTE(SUBSTITUTE(TRIM(A47),"%","%25"),"&","%26")," ","%20")&CHAR(10)&CHAR(10)&Pengaturan!$B$6 -> Dengan hormat, Kepada Yth. Bapak/Ibu/Saudara/i *Gd Arya Mahendra Putra* Tanpa mengurangi rasa hormat, perkenankan kami mengundang Bapak/Ibu/Saudara/i untuk menghadiri acara pernikahan kami. Berikut link undangan untuk info lengkap acara: https://weddingditonike.vercel.app/?to=Gd%20Arya%20Mahendra%20Putra Merupakan suatu kebahagiaan bagi kami apabila Bapak/Ibu/Saudara/i berkenan hadir dan memberikan doa restu. Terima kasih. Kami yang berbahagia, Dito & Nike
A48: Hilal Hasbiallah | C48: =HYPERLINK(Pengaturan!$B$3&"?to="&SUBSTITUTE(SUBSTITUTE(SUBSTITUTE(TRIM(A48),"%","%25"),"&","%26")," ","%20"),Pengaturan!$B$3&"?to="&SUBSTITUTE(SUBSTITUTE(SUBSTITUTE(TRIM(A48),"%","%25"),"&","%26")," ","%20")) -> https://weddingditonike.vercel.app/?to=Hilal%20Hasbiallah | D48: =Pengaturan!$B$4&CHAR(10)&CHAR(10)&"Kepada Yth."&CHAR(10)&"Bapak/Ibu/Saudara/i"&CHAR(10)&"*"&TRIM(A48)&"*"&CHAR(10)&CHAR(10)&Pengaturan!$B$5&CHAR(10)&Pengaturan!$B$3&"?to="&SUBSTITUTE(SUBSTITUTE(SUBSTITUTE(TRIM(A48),"%","%25"),"&","%26")," ","%20")&CHAR(10)&CHAR(10)&Pengaturan!$B$6 -> Dengan hormat, Kepada Yth. Bapak/Ibu/Saudara/i *Hilal Hasbiallah* Tanpa mengurangi rasa hormat, perkenankan kami mengundang Bapak/Ibu/Saudara/i untuk menghadiri acara pernikahan kami. Berikut link undangan untuk info lengkap acara: https://weddingditonike.vercel.app/?to=Hilal%20Hasbiallah Merupakan suatu kebahagiaan bagi kami apabila Bapak/Ibu/Saudara/i berkenan hadir dan memberikan doa restu. Terima kasih. Kami yang berbahagia, Dito & Nike
A49: Monika Widiyana | C49: =HYPERLINK(Pengaturan!$B$3&"?to="&SUBSTITUTE(SUBSTITUTE(SUBSTITUTE(TRIM(A49),"%","%25"),"&","%26")," ","%20"),Pengaturan!$B$3&"?to="&SUBSTITUTE(SUBSTITUTE(SUBSTITUTE(TRIM(A49),"%","%25"),"&","%26")," ","%20")) -> https://weddingditonike.vercel.app/?to=Monika%20Widiyana | D49: =Pengaturan!$B$4&CHAR(10)&CHAR(10)&"Kepada Yth."&CHAR(10)&"Bapak/Ibu/Saudara/i"&CHAR(10)&"*"&TRIM(A49)&"*"&CHAR(10)&CHAR(10)&Pengaturan!$B$5&CHAR(10)&Pengaturan!$B$3&"?to="&SUBSTITUTE(SUBSTITUTE(SUBSTITUTE(TRIM(A49),"%","%25"),"&","%26")," ","%20")&CHAR(10)&CHAR(10)&Pengaturan!$B$6 -> Dengan hormat, Kepada Yth. Bapak/Ibu/Saudara/i *Monika Widiyana* Tanpa mengurangi rasa hormat, perkenankan kami mengundang Bapak/Ibu/Saudara/i untuk menghadiri acara pernikahan kami. Berikut link undangan untuk info lengkap acara: https://weddingditonike.vercel.app/?to=Monika%20Widiyana Merupakan suatu kebahagiaan bagi kami apabila Bapak/Ibu/Saudara/i berkenan hadir dan memberikan doa restu. Terima kasih. Kami yang berbahagia, Dito & Nike
A50: Nanda Muliaanra | C50: =HYPERLINK(Pengaturan!$B$3&"?to="&SUBSTITUTE(SUBSTITUTE(SUBSTITUTE(TRIM(A50),"%","%25"),"&","%26")," ","%20"),Pengaturan!$B$3&"?to="&SUBSTITUTE(SUBSTITUTE(SUBSTITUTE(TRIM(A50),"%","%25"),"&","%26")," ","%20")) -> https://weddingditonike.vercel.app/?to=Nanda%20Muliaanra | D50: =Pengaturan!$B$4&CHAR(10)&CHAR(10)&"Kepada Yth."&CHAR(10)&"Bapak/Ibu/Saudara/i"&CHAR(10)&"*"&TRIM(A50)&"*"&CHAR(10)&CHAR(10)&Pengaturan!$B$5&CHAR(10)&Pengaturan!$B$3&"?to="&SUBSTITUTE(SUBSTITUTE(SUBSTITUTE(TRIM(A50),"%","%25"),"&","%26")," ","%20")&CHAR(10)&CHAR(10)&Pengaturan!$B$6 -> Dengan hormat, Kepada Yth. Bapak/Ibu/Saudara/i *Nanda Muliaanra* Tanpa mengurangi rasa hormat, perkenankan kami mengundang Bapak/Ibu/Saudara/i untuk menghadiri acara pernikahan kami. Berikut link undangan untuk info lengkap acara: https://weddingditonike.vercel.app/?to=Nanda%20Muliaanra Merupakan suatu kebahagiaan bagi kami apabila Bapak/Ibu/Saudara/i berkenan hadir dan memberikan doa restu. Terima kasih. Kami yang berbahagia, Dito & Nike
A51: Olivia Damarani | C51: =HYPERLINK(Pengaturan!$B$3&"?to="&SUBSTITUTE(SUBSTITUTE(SUBSTITUTE(TRIM(A51),"%","%25"),"&","%26")," ","%20"),Pengaturan!$B$3&"?to="&SUBSTITUTE(SUBSTITUTE(SUBSTITUTE(TRIM(A51),"%","%25"),"&","%26")," ","%20")) -> https://weddingditonike.vercel.app/?to=Olivia%20Damarani | D51: =Pengaturan!$B$4&CHAR(10)&CHAR(10)&"Kepada Yth."&CHAR(10)&"Bapak/Ibu/Saudara/i"&CHAR(10)&"*"&TRIM(A51)&"*"&CHAR(10)&CHAR(10)&Pengaturan!$B$5&CHAR(10)&Pengaturan!$B$3&"?to="&SUBSTITUTE(SUBSTITUTE(SUBSTITUTE(TRIM(A51),"%","%25"),"&","%26")," ","%20")&CHAR(10)&CHAR(10)&Pengaturan!$B$6 -> Dengan hormat, Kepada Yth. Bapak/Ibu/Saudara/i *Olivia Damarani* Tanpa mengurangi rasa hormat, perkenankan kami mengundang Bapak/Ibu/Saudara/i untuk menghadiri acara pernikahan kami. Berikut link undangan untuk info lengkap acara: https://weddingditonike.vercel.app/?to=Olivia%20Damarani Merupakan suatu kebahagiaan bagi kami apabila Bapak/Ibu/Saudara/i berkenan hadir dan memberikan doa restu. Terima kasih. Kami yang berbahagia, Dito & Nike
A52: Risky Miandi Nabila | C52: =HYPERLINK(Pengaturan!$B$3&"?to="&SUBSTITUTE(SUBSTITUTE(SUBSTITUTE(TRIM(A52),"%","%25"),"&","%26")," ","%20"),Pengaturan!$B$3&"?to="&SUBSTITUTE(SUBSTITUTE(SUBSTITUTE(TRIM(A52),"%","%25"),"&","%26")," ","%20")) -> https://weddingditonike.vercel.app/?to=Risky%20Miandi%20Nabila | D52: =Pengaturan!$B$4&CHAR(10)&CHAR(10)&"Kepada Yth."&CHAR(10)&"Bapak/Ibu/Saudara/i"&CHAR(10)&"*"&TRIM(A52)&"*"&CHAR(10)&CHAR(10)&Pengaturan!$B$5&CHAR(10)&Pengaturan!$B$3&"?to="&SUBSTITUTE(SUBSTITUTE(SUBSTITUTE(TRIM(A52),"%","%25"),"&","%26")," ","%20")&CHAR(10)&CHAR(10)&Pengaturan!$B$6 -> Dengan hormat, Kepada Yth. Bapak/Ibu/Saudara/i *Risky Miandi Nabila* Tanpa mengurangi rasa hormat, perkenankan kami mengundang Bapak/Ibu/Saudara/i untuk menghadiri acara pernikahan kami. Berikut link undangan untuk info lengkap acara: https://weddingditonike.vercel.app/?to=Risky%20Miandi%20Nabila Merupakan suatu kebahagiaan bagi kami apabila Bapak/Ibu/Saudara/i berkenan hadir dan memberikan doa restu. Terima kasih. Kami yang berbahagia, Dito & Nike
... A55: Syamsu Fadli Syakh | C55: =HYPERLINK(Pengaturan!$B$3&"?to="&SUBSTITUTE(SUBSTITUTE(SUBSTITUTE(TRIM(A55),"%","%25"),"&","%26")," ","%20"),Pengaturan!$B$3&"?to="&SUBSTITUTE(SUBSTITUTE(SUBSTITUTE(TRIM(A55),"%","%25"),"&","%26")," ","%20")) -> https://weddingditonike.vercel.app/?to=Syamsu%20Fadli%20Syakh | D55: =Pengaturan!$B$4&CHAR(10)&CHAR(10)&"Kepada Yth."&CHAR(10)&"Bapak/Ibu/Saudara/i"&CHAR(10)&"*"&TRIM(A55)&"*"&CHAR(10)&CHAR(10)&Pengaturan!$B$5&CHAR(10)&Pengaturan!$B$3&"?to="&SUBSTITUTE(SUBSTITUTE(SUBSTITUTE(TRIM(A55),"%","%25"),"&","%26")," ","%20")&CHAR(10)&CHAR(10)&Pengaturan!$B$6 -> Dengan hormat, Kepada Yth. Bapak/Ibu/Saudara/i *Syamsu Fadli Syakh* Tanpa mengurangi rasa hormat, perkenankan kami mengundang Bapak/Ibu/Saudara/i untuk menghadiri acara pernikahan kami. Berikut link undangan untuk info lengkap acara: https://weddingditonike.vercel.app/?to=Syamsu%20Fadli%20Syakh Merupakan suatu kebahagiaan bagi kami apabila Bapak/Ibu/Saudara/i berkenan hadir dan memberikan doa restu. Terima kasih. Kami yang berbahagia, Dito & Nike
A56: Indah Swastika Purnama Sari | B56: Bagian Pemantauan dan Pemulihan BMN | C56: =HYPERLINK(Pengaturan!$B$3&"?to="&SUBSTITUTE(SUBSTITUTE(SUBSTITUTE(TRIM(A56),"%","%25"),"&","%26")," ","%20"),Pengaturan!$B$3&"?to="&SUBSTITUTE(SUBSTITUTE(SUBSTITUTE(TRIM(A56),"%","%25"),"&","%26")," ","%20")) -> https://weddingditonike.vercel.app/?to=Indah%20Swastika%20Purnama%20Sari | D56: =Pengaturan!$B$4&CHAR(10)&CHAR(10)&"Kepada Yth."&CHAR(10)&"Bapak/Ibu/Saudara/i"&CHAR(10)&"*"&TRIM(A56)&"*"&CHAR(10)&CHAR(10)&Pengaturan!$B$5&CHAR(10)&Pengaturan!$B$3&"?to="&SUBSTITUTE(SUBSTITUTE(SUBSTITUTE(TRIM(A56),"%","%25"),"&","%26")," ","%20")&CHAR(10)&CHAR(10)&Pengaturan!$B$6 -> Dengan hormat, Kepada Yth. Bapak/Ibu/Saudara/i *Indah Swastika Purnama Sari* Tanpa mengurangi rasa hormat, perkenankan kami mengundang Bapak/Ibu/Saudara/i untuk menghadiri acara pernikahan kami. Berikut link undangan untuk info lengkap acara: https://weddingditonike.vercel.app/?to=Indah%20Swastika%20Purnama%20Sari Merupakan suatu kebahagiaan bagi kami apabila Bapak/Ibu/Saudara/i berkenan hadir dan memberikan doa restu. Terima kasih. Kami yang berbahagia, Dito & Nike
A57: Abdjad Ariena Artanti | C57: =HYPERLINK(Pengaturan!$B$3&"?to="&SUBSTITUTE(SUBSTITUTE(SUBSTITUTE(TRIM(A57),"%","%25"),"&","%26")," ","%20"),Pengaturan!$B$3&"?to="&SUBSTITUTE(SUBSTITUTE(SUBSTITUTE(TRIM(A57),"%","%25"),"&","%26")," ","%20")) -> https://weddingditonike.vercel.app/?to=Abdjad%20Ariena%20Artanti | D57: =Pengaturan!$B$4&CHAR(10)&CHAR(10)&"Kepada Yth."&CHAR(10)&"Bapak/Ibu/Saudara/i"&CHAR(10)&"*"&TRIM(A57)&"*"&CHAR(10)&CHAR(10)&Pengaturan!$B$5&CHAR(10)&Pengaturan!$B$3&"?to="&SUBSTITUTE(SUBSTITUTE(SUBSTITUTE(TRIM(A57),"%","%25"),"&","%26")," ","%20")&CHAR(10)&CHAR(10)&Pengaturan!$B$6 -> Dengan hormat, Kepada Yth. Bapak/Ibu/Saudara/i *Abdjad Ariena Artanti* Tanpa mengurangi rasa hormat, perkenankan kami mengundang Bapak/Ibu/Saudara/i untuk menghadiri acara pernikahan kami. Berikut link undangan untuk info lengkap acara: https://weddingditonike.vercel.app/?to=Abdjad%20Ariena%20Artanti Merupakan suatu kebahagiaan bagi kami apabila Bapak/Ibu/Saudara/i berkenan hadir dan memberikan doa restu. Terima kasih. Kami yang berbahagia, Dito & Nike
A58: Aditya Putra | C58: =HYPERLINK(Pengaturan!$B$3&"?to="&SUBSTITUTE(SUBSTITUTE(SUBSTITUTE(TRIM(A58),"%","%25"),"&","%26")," ","%20"),Pengaturan!$B$3&"?to="&SUBSTITUTE(SUBSTITUTE(SUBSTITUTE(TRIM(A58),"%","%25"),"&","%26")," ","%20")) -> https://weddingditonike.vercel.app/?to=Aditya%20Putra | D58: =Pengaturan!$B$4&CHAR(10)&CHAR(10)&"Kepada Yth."&CHAR(10)&"Bapak/Ibu/Saudara/i"&CHAR(10)&"*"&TRIM(A58)&"*"&CHAR(10)&CHAR(10)&Pengaturan!$B$5&CHAR(10)&Pengaturan!$B$3&"?to="&SUBSTITUTE(SUBSTITUTE(SUBSTITUTE(TRIM(A58),"%","%25"),"&","%26")," ","%20")&CHAR(10)&CHAR(10)&Pengaturan!$B$6 -> Dengan hormat, Kepada Yth. Bapak/Ibu/Saudara/i *Aditya Putra* Tanpa mengurangi rasa hormat, perkenankan kami mengundang Bapak/Ibu/Saudara/i untuk menghadiri acara pernikahan kami. Berikut link undangan untuk info lengkap acara: https://weddingditonike.vercel.app/?to=Aditya%20Putra Merupakan suatu kebahagiaan bagi kami apabila Bapak/Ibu/Saudara/i berkenan hadir dan memberikan doa restu. Terima kasih. Kami yang berbahagia, Dito & Nike
A59: Aidil Ambya Zula | C59: =HYPERLINK(Pengaturan!$B$3&"?to="&SUBSTITUTE(SUBSTITUTE(SUBSTITUTE(TRIM(A59),"%","%25"),"&","%26")," ","%20"),Pengaturan!$B$3&"?to="&SUBSTITUTE(SUBSTITUTE(SUBSTITUTE(TRIM(A59),"%","%25"),"&","%26")," ","%20")) -> https://weddingditonike.vercel.app/?to=Aidil%20Ambya%20Zula | D59: =Pengaturan!$B$4&CHAR(10)&CHAR(10)&"Kepada Yth."&CHAR(10)&"Bapak/Ibu/Saudara/i"&CHAR(10)&"*"&TRIM(A59)&"*"&CHAR(10)&CHAR(10)&Pengaturan!$B$5&CHAR(10)&Pengaturan!$B$3&"?to="&SUBSTITUTE(SUBSTITUTE(SUBSTITUTE(TRIM(A59),"%","%25"),"&","%26")," ","%20")&CHAR(10)&CHAR(10)&Pengaturan!$B$6 -> Dengan hormat, Kepada Yth. Bapak/Ibu/Saudara/i *Aidil Ambya Zula* Tanpa mengurangi rasa hormat, perkenankan kami mengundang Bapak/Ibu/Saudara/i untuk menghadiri acara pernikahan kami. Berikut link undangan untuk info lengkap acara: https://weddingditonike.vercel.app/?to=Aidil%20Ambya%20Zula Merupakan suatu kebahagiaan bagi kami apabila Bapak/Ibu/Saudara/i berkenan hadir dan memberikan doa restu. Terima kasih. Kami yang berbahagia, Dito & Nike
A60: Alex Putra Pamungkas | C60: =HYPERLINK(Pengaturan!$B$3&"?to="&SUBSTITUTE(SUBSTITUTE(SUBSTITUTE(TRIM(A60),"%","%25"),"&","%26")," ","%20"),Pengaturan!$B$3&"?to="&SUBSTITUTE(SUBSTITUTE(SUBSTITUTE(TRIM(A60),"%","%25"),"&","%26")," ","%20")) -> https://weddingditonike.vercel.app/?to=Alex%20Putra%20Pamungkas | D60: =Pengaturan!$B$4&CHAR(10)&CHAR(10)&"Kepada Yth."&CHAR(10)&"Bapak/Ibu/Saudara/i"&CHAR(10)&"*"&TRIM(A60)&"*"&CHAR(10)&CHAR(10)&Pengaturan!$B$5&CHAR(10)&Pengaturan!$B$3&"?to="&SUBSTITUTE(SUBSTITUTE(SUBSTITUTE(TRIM(A60),"%","%25"),"&","%26")," ","%20")&CHAR(10)&CHAR(10)&Pengaturan!$B$6 -> Dengan hormat, Kepada Yth. Bapak/Ibu/Saudara/i *Alex Putra Pamungkas* Tanpa mengurangi rasa hormat, perkenankan kami mengundang Bapak/Ibu/Saudara/i untuk menghadiri acara pernikahan kami. Berikut link undangan untuk info lengkap acara: https://weddingditonike.vercel.app/?to=Alex%20Putra%20Pamungkas Merupakan suatu kebahagiaan bagi kami apabila Bapak/Ibu/Saudara/i berkenan hadir dan memberikan doa restu. Terima kasih. Kami yang berbahagia, Dito & Nike
A61: Anastasya Purnamasari | C61: =HYPERLINK(Pengaturan!$B$3&"?to="&SUBSTITUTE(SUBSTITUTE(SUBSTITUTE(TRIM(A61),"%","%25"),"&","%26")," ","%20"),Pengaturan!$B$3&"?to="&SUBSTITUTE(SUBSTITUTE(SUBSTITUTE(TRIM(A61),"%","%25"),"&","%26")," ","%20")) -> https://weddingditonike.vercel.app/?to=Anastasya%20Purnamasari | D61: =Pengaturan!$B$4&CHAR(10)&CHAR(10)&"Kepada Yth."&CHAR(10)&"Bapak/Ibu/Saudara/i"&CHAR(10)&"*"&TRIM(A61)&"*"&CHAR(10)&CHAR(10)&Pengaturan!$B$5&CHAR(10)&Pengaturan!$B$3&"?to="&SUBSTITUTE(SUBSTITUTE(SUBSTITUTE(TRIM(A61),"%","%25"),"&","%26")," ","%20")&CHAR(10)&CHAR(10)&Pengaturan!$B$6 -> Dengan hormat, Kepada Yth. Bapak/Ibu/Saudara/i *Anastasya Purnamasari* Tanpa mengurangi rasa hormat, perkenankan kami mengundang Bapak/Ibu/Saudara/i untuk menghadiri acara pernikahan kami. Berikut link undangan untuk info lengkap acara: https://weddingditonike.vercel.app/?to=Anastasya%20Purnamasari Merupakan suatu kebahagiaan bagi kami apabila Bapak/Ibu/Saudara/i berkenan hadir dan memberikan doa restu. Terima kasih. Kami yang berbahagia, Dito & Nike
A62: Andre Prasetya Chrisnaputra | C62: =HYPERLINK(Pengaturan!$B$3&"?to="&SUBSTITUTE(SUBSTITUTE(SUBSTITUTE(TRIM(A62),"%","%25"),"&","%26")," ","%20"),Pengaturan!$B$3&"?to="&SUBSTITUTE(SUBSTITUTE(SUBSTITUTE(TRIM(A62),"%","%25"),"&","%26")," ","%20")) -> https://weddingditonike.vercel.app/?to=Andre%20Prasetya%20Chrisnaputra | D62: =Pengaturan!$B$4&CHAR(10)&CHAR(10)&"Kepada Yth."&CHAR(10)&"Bapak/Ibu/Saudara/i"&CHAR(10)&"*"&TRIM(A62)&"*"&CHAR(10)&CHAR(10)&Pengaturan!$B$5&CHAR(10)&Pengaturan!$B$3&"?to="&SUBSTITUTE(SUBSTITUTE(SUBSTITUTE(TRIM(A62),"%","%25"),"&","%26")," ","%20")&CHAR(10)&CHAR(10)&Pengaturan!$B$6 -> Dengan hormat, Kepada Yth. Bapak/Ibu/Saudara/i *Andre Prasetya Chrisnaputra* Tanpa mengurangi rasa hormat, perkenankan kami mengundang Bapak/Ibu/Saudara/i untuk menghadiri acara pernikahan kami. Berikut link undangan untuk info lengkap acara: https://weddingditonike.vercel.app/?to=Andre%20Prasetya%20Chrisnaputra Merupakan suatu kebahagiaan bagi kami apabila Bapak/Ibu/Saudara/i berkenan hadir dan memberikan doa restu. Terima kasih. Kami yang berbahagia, Dito & Nike
A63: Anindika Riska Intan Fauzy | C63: =HYPERLINK(Pengaturan!$B$3&"?to="&SUBSTITUTE(SUBSTITUTE(SUBSTITUTE(TRIM(A63),"%","%25"),"&","%26")," ","%20"),Pengaturan!$B$3&"?to="&SUBSTITUTE(SUBSTITUTE(SUBSTITUTE(TRIM(A63),"%","%25"),"&","%26")," ","%20")) -> https://weddingditonike.vercel.app/?to=Anindika%20Riska%20Intan%20Fauzy | D63: =Pengaturan!$B$4&CHAR(10)&CHAR(10)&"Kepada Yth."&CHAR(10)&"Bapak/Ibu/Saudara/i"&CHAR(10)&"*"&TRIM(A63)&"*"&CHAR(10)&CHAR(10)&Pengaturan!$B$5&CHAR(10)&Pengaturan!$B$3&"?to="&SUBSTITUTE(SUBSTITUTE(SUBSTITUTE(TRIM(A63),"%","%25"),"&","%26")," ","%20")&CHAR(10)&CHAR(10)&Pengaturan!$B$6 -> Dengan hormat, Kepada Yth. Bapak/Ibu/Saudara/i *Anindika Riska Intan Fauzy* Tanpa mengurangi rasa hormat, perkenankan kami mengundang Bapak/Ibu/Saudara/i untuk menghadiri acara pernikahan kami. Berikut link undangan untuk info lengkap acara: https://weddingditonike.vercel.app/?to=Anindika%20Riska%20Intan%20Fauzy Merupakan suatu kebahagiaan bagi kami apabila Bapak/Ibu/Saudara/i berkenan hadir dan memberikan doa restu. Terima kasih. Kami yang berbahagia, Dito & Nike
A64: Dicky Subagya Setiawan | C64: =HYPERLINK(Pengaturan!$B$3&"?to="&SUBSTITUTE(SUBSTITUTE(SUBSTITUTE(TRIM(A64),"%","%25"),"&","%26")," ","%20"),Pengaturan!$B$3&"?to="&SUBSTITUTE(SUBSTITUTE(SUBSTITUTE(TRIM(A64),"%","%25"),"&","%26")," ","%20")) -> https://weddingditonike.vercel.app/?to=Dicky%20Subagya%20Setiawan | D64: =Pengaturan!$B$4&CHAR(10)&CHAR(10)&"Kepada Yth."&CHAR(10)&"Bapak/Ibu/Saudara/i"&CHAR(10)&"*"&TRIM(A64)&"*"&CHAR(10)&CHAR(10)&Pengaturan!$B$5&CHAR(10)&Pengaturan!$B$3&"?to="&SUBSTITUTE(SUBSTITUTE(SUBSTITUTE(TRIM(A64),"%","%25"),"&","%26")," ","%20")&CHAR(10)&CHAR(10)&Pengaturan!$B$6 -> Dengan hormat, Kepada Yth. Bapak/Ibu/Saudara/i *Dicky Subagya Setiawan* Tanpa mengurangi rasa hormat, perkenankan kami mengundang Bapak/Ibu/Saudara/i untuk menghadiri acara pernikahan kami. Berikut link undangan untuk info lengkap acara: https://weddingditonike.vercel.app/?to=Dicky%20Subagya%20Setiawan Merupakan suatu kebahagiaan bagi kami apabila Bapak/Ibu/Saudara/i berkenan hadir dan memberikan doa restu. Terima kasih. Kami yang berbahagia, Dito & Nike
A65: Ikhsan | C65: =HYPERLINK(Pengaturan!$B$3&"?to="&SUBSTITUTE(SUBSTITUTE(SUBSTITUTE(TRIM(A65),"%","%25"),"&","%26")," ","%20"),Pengaturan!$B$3&"?to="&SUBSTITUTE(SUBSTITUTE(SUBSTITUTE(TRIM(A65),"%","%25"),"&","%26")," ","%20")) -> https://weddingditonike.vercel.app/?to=Ikhsan | D65: =Pengaturan!$B$4&CHAR(10)&CHAR(10)&"Kepada Yth."&CHAR(10)&"Bapak/Ibu/Saudara/i"&CHAR(10)&"*"&TRIM(A65)&"*"&CHAR(10)&CHAR(10)&Pengaturan!$B$5&CHAR(10)&Pengaturan!$B$3&"?to="&SUBSTITUTE(SUBSTITUTE(SUBSTITUTE(TRIM(A65),"%","%25"),"&","%26")," ","%20")&CHAR(10)&CHAR(10)&Pengaturan!$B$6 -> Dengan hormat, Kepada Yth. Bapak/Ibu/Saudara/i *Ikhsan* Tanpa mengurangi rasa hormat, perkenankan kami mengundang Bapak/Ibu/Saudara/i untuk menghadiri acara pernikahan kami. Berikut link undangan untuk info lengkap acara: https://weddingditonike.vercel.app/?to=Ikhsan Merupakan suatu kebahagiaan bagi kami apabila Bapak/Ibu/Saudara/i berkenan hadir dan memberikan doa restu. Terima kasih. Kami yang berbahagia, Dito & Nike
A66: Juju Junaedi Sukron | C66: =HYPERLINK(Pengaturan!$B$3&"?to="&SUBSTITUTE(SUBSTITUTE(SUBSTITUTE(TRIM(A66),"%","%25"),"&","%26")," ","%20"),Pengaturan!$B$3&"?to="&SUBSTITUTE(SUBSTITUTE(SUBSTITUTE(TRIM(A66),"%","%25"),"&","%26")," ","%20")) -> https://weddingditonike.vercel.app/?to=Juju%20Junaedi%20Sukron | D66: =Pengaturan!$B$4&CHAR(10)&CHAR(10)&"Kepada Yth."&CHAR(10)&"Bapak/Ibu/Saudara/i"&CHAR(10)&"*"&TRIM(A66)&"*"&CHAR(10)&CHAR(10)&Pengaturan!$B$5&CHAR(10)&Pengaturan!$B$3&"?to="&SUBSTITUTE(SUBSTITUTE(SUBSTITUTE(TRIM(A66),"%","%25"),"&","%26")," ","%20")&CHAR(10)&CHAR(10)&Pengaturan!$B$6 -> Dengan hormat, Kepada Yth. Bapak/Ibu/Saudara/i *Juju Junaedi Sukron* Tanpa mengurangi rasa hormat, perkenankan kami mengundang Bapak/Ibu/Saudara/i untuk menghadiri acara pernikahan kami. Berikut link undangan untuk info lengkap acara: https://weddingditonike.vercel.app/?to=Juju%20Junaedi%20Sukron Merupakan suatu kebahagiaan bagi kami apabila Bapak/Ibu/Saudara/i berkenan hadir dan memberikan doa restu. Terima kasih. Kami yang berbahagia, Dito & Nike
A67: Lucky Aji Pramono | C67: =HYPERLINK(Pengaturan!$B$3&"?to="&SUBSTITUTE(SUBSTITUTE(SUBSTITUTE(TRIM(A67),"%","%25"),"&","%26")," ","%20"),Pengaturan!$B$3&"?to="&SUBSTITUTE(SUBSTITUTE(SUBSTITUTE(TRIM(A67),"%","%25"),"&","%26")," ","%20")) -> https://weddingditonike.vercel.app/?to=Lucky%20Aji%20Pramono | D67: =Pengaturan!$B$4&CHAR(10)&CHAR(10)&"Kepada Yth."&CHAR(10)&"Bapak/Ibu/Saudara/i"&CHAR(10)&"*"&TRIM(A67)&"*"&CHAR(10)&CHAR(10)&Pengaturan!$B$5&CHAR(10)&Pengaturan!$B$3&"?to="&SUBSTITUTE(SUBSTITUTE(SUBSTITUTE(TRIM(A67),"%","%25"),"&","%26")," ","%20")&CHAR(10)&CHAR(10)&Pengaturan!$B$6 -> Dengan hormat, Kepada Yth. Bapak/Ibu/Saudara/i *Lucky Aji Pramono* Tanpa mengurangi rasa hormat, perkenankan kami mengundang Bapak/Ibu/Saudara/i untuk menghadiri acara pernikahan kami. Berikut link undangan untuk info lengkap acara: https://weddingditonike.vercel.app/?to=Lucky%20Aji%20Pramono Merupakan suatu kebahagiaan bagi kami apabila Bapak/Ibu/Saudara/i berkenan hadir dan memberikan doa restu. Terima kasih. Kami yang berbahagia, Dito & Nike
A68: Lukman Hakim | C68: =HYPERLINK(Pengaturan!$B$3&"?to="&SUBSTITUTE(SUBSTITUTE(SUBSTITUTE(TRIM(A68),"%","%25"),"&","%26")," ","%20"),Pengaturan!$B$3&"?to="&SUBSTITUTE(SUBSTITUTE(SUBSTITUTE(TRIM(A68),"%","%25"),"&","%26")," ","%20")) -> https://weddingditonike.vercel.app/?to=Lukman%20Hakim | D68: =Pengaturan!$B$4&CHAR(10)&CHAR(10)&"Kepada Yth."&CHAR(10)&"Bapak/Ibu/Saudara/i"&CHAR(10)&"*"&TRIM(A68)&"*"&CHAR(10)&CHAR(10)&Pengaturan!$B$5&CHAR(10)&Pengaturan!$B$3&"?to="&SUBSTITUTE(SUBSTITUTE(SUBSTITUTE(TRIM(A68),"%","%25"),"&","%26")," ","%20")&CHAR(10)&CHAR(10)&Pengaturan!$B$6 -> Dengan hormat, Kepada Yth. Bapak/Ibu/Saudara/i *Lukman Hakim* Tanpa mengurangi rasa hormat, perkenankan kami mengundang Bapak/Ibu/Saudara/i untuk menghadiri acara pernikahan kami. Berikut link undangan untuk info lengkap acara: https://weddingditonike.vercel.app/?to=Lukman%20Hakim Merupakan suatu kebahagiaan bagi kami apabila Bapak/Ibu/Saudara/i berkenan hadir dan memberikan doa restu. Terima kasih. Kami yang berbahagia, Dito & Nike
... A73: Zainal Malik | C73: =HYPERLINK(Pengaturan!$B$3&"?to="&SUBSTITUTE(SUBSTITUTE(SUBSTITUTE(TRIM(A73),"%","%25"),"&","%26")," ","%20"),Pengaturan!$B$3&"?to="&SUBSTITUTE(SUBSTITUTE(SUBSTITUTE(TRIM(A73),"%","%25"),"&","%26")," ","%20")) -> https://weddingditonike.vercel.app/?to=Zainal%20Malik | D73: =Pengaturan!$B$4&CHAR(10)&CHAR(10)&"Kepada Yth."&CHAR(10)&"Bapak/Ibu/Saudara/i"&CHAR(10)&"*"&TRIM(A73)&"*"&CHAR(10)&CHAR(10)&Pengaturan!$B$5&CHAR(10)&Pengaturan!$B$3&"?to="&SUBSTITUTE(SUBSTITUTE(SUBSTITUTE(TRIM(A73),"%","%25"),"&","%26")," ","%20")&CHAR(10)&CHAR(10)&Pengaturan!$B$6 -> Dengan hormat, Kepada Yth. Bapak/Ibu/Saudara/i *Zainal Malik* Tanpa mengurangi rasa hormat, perkenankan kami mengundang Bapak/Ibu/Saudara/i untuk menghadiri acara pernikahan kami. Berikut link undangan untuk info lengkap acara: https://weddingditonike.vercel.app/?to=Zainal%20Malik Merupakan suatu kebahagiaan bagi kami apabila Bapak/Ibu/Saudara/i berkenan hadir dan memberikan doa restu. Terima kasih. Kami yang berbahagia, Dito & Nike
A74: Suriyansyah | B74: Bagian Pemanfaatan dan Pengamanan BMN | C74: =HYPERLINK(Pengaturan!$B$3&"?to="&SUBSTITUTE(SUBSTITUTE(SUBSTITUTE(TRIM(A74),"%","%25"),"&","%26")," ","%20"),Pengaturan!$B$3&"?to="&SUBSTITUTE(SUBSTITUTE(SUBSTITUTE(TRIM(A74),"%","%25"),"&","%26")," ","%20")) -> https://weddingditonike.vercel.app/?to=Suriyansyah | D74: =Pengaturan!$B$4&CHAR(10)&CHAR(10)&"Kepada Yth."&CHAR(10)&"Bapak/Ibu/Saudara/i"&CHAR(10)&"*"&TRIM(A74)&"*"&CHAR(10)&CHAR(10)&Pengaturan!$B$5&CHAR(10)&Pengaturan!$B$3&"?to="&SUBSTITUTE(SUBSTITUTE(SUBSTITUTE(TRIM(A74),"%","%25"),"&","%26")," ","%20")&CHAR(10)&CHAR(10)&Pengaturan!$B$6 -> Dengan hormat, Kepada Yth. Bapak/Ibu/Saudara/i *Suriyansyah* Tanpa mengurangi rasa hormat, perkenankan kami mengundang Bapak/Ibu/Saudara/i untuk menghadiri acara pernikahan kami. Berikut link undangan untuk info lengkap acara: https://weddingditonike.vercel.app/?to=Suriyansyah Merupakan suatu kebahagiaan bagi kami apabila Bapak/Ibu/Saudara/i berkenan hadir dan memberikan doa restu. Terima kasih. Kami yang berbahagia, Dito & Nike
A75: Alfonsus Advent Noto Wicaksono | C75: =HYPERLINK(Pengaturan!$B$3&"?to="&SUBSTITUTE(SUBSTITUTE(SUBSTITUTE(TRIM(A75),"%","%25"),"&","%26")," ","%20"),Pengaturan!$B$3&"?to="&SUBSTITUTE(SUBSTITUTE(SUBSTITUTE(TRIM(A75),"%","%25"),"&","%26")," ","%20")) -> https://weddingditonike.vercel.app/?to=Alfonsus%20Advent%20Noto%20Wicaksono | D75: =Pengaturan!$B$4&CHAR(10)&CHAR(10)&"Kepada Yth."&CHAR(10)&"Bapak/Ibu/Saudara/i"&CHAR(10)&"*"&TRIM(A75)&"*"&CHAR(10)&CHAR(10)&Pengaturan!$B$5&CHAR(10)&Pengaturan!$B$3&"?to="&SUBSTITUTE(SUBSTITUTE(SUBSTITUTE(TRIM(A75),"%","%25"),"&","%26")," ","%20")&CHAR(10)&CHAR(10)&Pengaturan!$B$6 -> Dengan hormat, Kepada Yth. Bapak/Ibu/Saudara/i *Alfonsus Advent Noto Wicaksono* Tanpa mengurangi rasa hormat, perkenankan kami mengundang Bapak/Ibu/Saudara/i untuk menghadiri acara pernikahan kami. Berikut link undangan untuk info lengkap acara: https://weddingditonike.vercel.app/?to=Alfonsus%20Advent%20Noto%20Wicaksono Merupakan suatu kebahagiaan bagi kami apabila Bapak/Ibu/Saudara/i berkenan hadir dan memberikan doa restu. Terima kasih. Kami yang berbahagia, Dito & Nike
A76: Anggie Nirmalani | C76: =HYPERLINK(Pengaturan!$B$3&"?to="&SUBSTITUTE(SUBSTITUTE(SUBSTITUTE(TRIM(A76),"%","%25"),"&","%26")," ","%20"),Pengaturan!$B$3&"?to="&SUBSTITUTE(SUBSTITUTE(SUBSTITUTE(TRIM(A76),"%","%25"),"&","%26")," ","%20")) -> https://weddingditonike.vercel.app/?to=Anggie%20Nirmalani | D76: =Pengaturan!$B$4&CHAR(10)&CHAR(10)&"Kepada Yth."&CHAR(10)&"Bapak/Ibu/Saudara/i"&CHAR(10)&"*"&TRIM(A76)&"*"&CHAR(10)&CHAR(10)&Pengaturan!$B$5&CHAR(10)&Pengaturan!$B$3&"?to="&SUBSTITUTE(SUBSTITUTE(SUBSTITUTE(TRIM(A76),"%","%25"),"&","%26")," ","%20")&CHAR(10)&CHAR(10)&Pengaturan!$B$6 -> Dengan hormat, Kepada Yth. Bapak/Ibu/Saudara/i *Anggie Nirmalani* Tanpa mengurangi rasa hormat, perkenankan kami mengundang Bapak/Ibu/Saudara/i untuk menghadiri acara pernikahan kami. Berikut link undangan untuk info lengkap acara: https://weddingditonike.vercel.app/?to=Anggie%20Nirmalani Merupakan suatu kebahagiaan bagi kami apabila Bapak/Ibu/Saudara/i berkenan hadir dan memberikan doa restu. Terima kasih. Kami yang berbahagia, Dito & Nike
A77: Arif Sudrajat | C77: =HYPERLINK(Pengaturan!$B$3&"?to="&SUBSTITUTE(SUBSTITUTE(SUBSTITUTE(TRIM(A77),"%","%25"),"&","%26")," ","%20"),Pengaturan!$B$3&"?to="&SUBSTITUTE(SUBSTITUTE(SUBSTITUTE(TRIM(A77),"%","%25"),"&","%26")," ","%20")) -> https://weddingditonike.vercel.app/?to=Arif%20Sudrajat | D77: =Pengaturan!$B$4&CHAR(10)&CHAR(10)&"Kepada Yth."&CHAR(10)&"Bapak/Ibu/Saudara/i"&CHAR(10)&"*"&TRIM(A77)&"*"&CHAR(10)&CHAR(10)&Pengaturan!$B$5&CHAR(10)&Pengaturan!$B$3&"?to="&SUBSTITUTE(SUBSTITUTE(SUBSTITUTE(TRIM(A77),"%","%25"),"&","%26")," ","%20")&CHAR(10)&CHAR(10)&Pengaturan!$B$6 -> Dengan hormat, Kepada Yth. Bapak/Ibu/Saudara/i *Arif Sudrajat* Tanpa mengurangi rasa hormat, perkenankan kami mengundang Bapak/Ibu/Saudara/i untuk menghadiri acara pernikahan kami. Berikut link undangan untuk info lengkap acara: https://weddingditonike.vercel.app/?to=Arif%20Sudrajat Merupakan suatu kebahagiaan bagi kami apabila Bapak/Ibu/Saudara/i berkenan hadir dan memberikan doa restu. Terima kasih. Kami yang berbahagia, Dito & Nike
A78: Athifa Fajri Fahmawati | C78: =HYPERLINK(Pengaturan!$B$3&"?to="&SUBSTITUTE(SUBSTITUTE(SUBSTITUTE(TRIM(A78),"%","%25"),"&","%26")," ","%20"),Pengaturan!$B$3&"?to="&SUBSTITUTE(SUBSTITUTE(SUBSTITUTE(TRIM(A78),"%","%25"),"&","%26")," ","%20")) -> https://weddingditonike.vercel.app/?to=Athifa%20Fajri%20Fahmawati | D78: =Pengaturan!$B$4&CHAR(10)&CHAR(10)&"Kepada Yth."&CHAR(10)&"Bapak/Ibu/Saudara/i"&CHAR(10)&"*"&TRIM(A78)&"*"&CHAR(10)&CHAR(10)&Pengaturan!$B$5&CHAR(10)&Pengaturan!$B$3&"?to="&SUBSTITUTE(SUBSTITUTE(SUBSTITUTE(TRIM(A78),"%","%25"),"&","%26")," ","%20")&CHAR(10)&CHAR(10)&Pengaturan!$B$6 -> Dengan hormat, Kepada Yth. Bapak/Ibu/Saudara/i *Athifa Fajri Fahmawati* Tanpa mengurangi rasa hormat, perkenankan kami mengundang Bapak/Ibu/Saudara/i untuk menghadiri acara pernikahan kami. Berikut link undangan untuk info lengkap acara: https://weddingditonike.vercel.app/?to=Athifa%20Fajri%20Fahmawati Merupakan suatu kebahagiaan bagi kami apabila Bapak/Ibu/Saudara/i berkenan hadir dan memberikan doa restu. Terima kasih. Kami yang berbahagia, Dito & Nike
A79: Burhanudin | C79: =HYPERLINK(Pengaturan!$B$3&"?to="&SUBSTITUTE(SUBSTITUTE(SUBSTITUTE(TRIM(A79),"%","%25"),"&","%26")," ","%20"),Pengaturan!$B$3&"?to="&SUBSTITUTE(SUBSTITUTE(SUBSTITUTE(TRIM(A79),"%","%25"),"&","%26")," ","%20")) -> https://weddingditonike.vercel.app/?to=Burhanudin | D79: =Pengaturan!$B$4&CHAR(10)&CHAR(10)&"Kepada Yth."&CHAR(10)&"Bapak/Ibu/Saudara/i"&CHAR(10)&"*"&TRIM(A79)&"*"&CHAR(10)&CHAR(10)&Pengaturan!$B$5&CHAR(10)&Pengaturan!$B$3&"?to="&SUBSTITUTE(SUBSTITUTE(SUBSTITUTE(TRIM(A79),"%","%25"),"&","%26")," ","%20")&CHAR(10)&CHAR(10)&Pengaturan!$B$6 -> Dengan hormat, Kepada Yth. Bapak/Ibu/Saudara/i *Burhanudin* Tanpa mengurangi rasa hormat, perkenankan kami mengundang Bapak/Ibu/Saudara/i untuk menghadiri acara pernikahan kami. Berikut link undangan untuk info lengkap acara: https://weddingditonike.vercel.app/?to=Burhanudin Merupakan suatu kebahagiaan bagi kami apabila Bapak/Ibu/Saudara/i berkenan hadir dan memberikan doa restu. Terima kasih. Kami yang berbahagia, Dito & Nike
A80: Cahyadi | C80: =HYPERLINK(Pengaturan!$B$3&"?to="&SUBSTITUTE(SUBSTITUTE(SUBSTITUTE(TRIM(A80),"%","%25"),"&","%26")," ","%20"),Pengaturan!$B$3&"?to="&SUBSTITUTE(SUBSTITUTE(SUBSTITUTE(TRIM(A80),"%","%25"),"&","%26")," ","%20")) -> https://weddingditonike.vercel.app/?to=Cahyadi | D80: =Pengaturan!$B$4&CHAR(10)&CHAR(10)&"Kepada Yth."&CHAR(10)&"Bapak/Ibu/Saudara/i"&CHAR(10)&"*"&TRIM(A80)&"*"&CHAR(10)&CHAR(10)&Pengaturan!$B$5&CHAR(10)&Pengaturan!$B$3&"?to="&SUBSTITUTE(SUBSTITUTE(SUBSTITUTE(TRIM(A80),"%","%25"),"&","%26")," ","%20")&CHAR(10)&CHAR(10)&Pengaturan!$B$6 -> Dengan hormat, Kepada Yth. Bapak/Ibu/Saudara/i *Cahyadi* Tanpa mengurangi rasa hormat, perkenankan kami mengundang Bapak/Ibu/Saudara/i untuk menghadiri acara pernikahan kami. Berikut link undangan untuk info lengkap acara: https://weddingditonike.vercel.app/?to=Cahyadi Merupakan suatu kebahagiaan bagi kami apabila Bapak/Ibu/Saudara/i berkenan hadir dan memberikan doa restu. Terima kasih. Kami yang berbahagia, Dito & Nike
A81: Dina Probosari | C81: =HYPERLINK(Pengaturan!$B$3&"?to="&SUBSTITUTE(SUBSTITUTE(SUBSTITUTE(TRIM(A81),"%","%25"),"&","%26")," ","%20"),Pengaturan!$B$3&"?to="&SUBSTITUTE(SUBSTITUTE(SUBSTITUTE(TRIM(A81),"%","%25"),"&","%26")," ","%20")) -> https://weddingditonike.vercel.app/?to=Dina%20Probosari | D81: =Pengaturan!$B$4&CHAR(10)&CHAR(10)&"Kepada Yth."&CHAR(10)&"Bapak/Ibu/Saudara/i"&CHAR(10)&"*"&TRIM(A81)&"*"&CHAR(10)&CHAR(10)&Pengaturan!$B$5&CHAR(10)&Pengaturan!$B$3&"?to="&SUBSTITUTE(SUBSTITUTE(SUBSTITUTE(TRIM(A81),"%","%25"),"&","%26")," ","%20")&CHAR(10)&CHAR(10)&Pengaturan!$B$6 -> Dengan hormat, Kepada Yth. Bapak/Ibu/Saudara/i *Dina Probosari* Tanpa mengurangi rasa hormat, perkenankan kami mengundang Bapak/Ibu/Saudara/i untuk menghadiri acara pernikahan kami. Berikut link undangan untuk info lengkap acara: https://weddingditonike.vercel.app/?to=Dina%20Probosari Merupakan suatu kebahagiaan bagi kami apabila Bapak/Ibu/Saudara/i berkenan hadir dan memberikan doa restu. Terima kasih. Kami yang berbahagia, Dito & Nike
A82: Endi | C82: =HYPERLINK(Pengaturan!$B$3&"?to="&SUBSTITUTE(SUBSTITUTE(SUBSTITUTE(TRIM(A82),"%","%25"),"&","%26")," ","%20"),Pengaturan!$B$3&"?to="&SUBSTITUTE(SUBSTITUTE(SUBSTITUTE(TRIM(A82),"%","%25"),"&","%26")," ","%20")) -> https://weddingditonike.vercel.app/?to=Endi | D82: =Pengaturan!$B$4&CHAR(10)&CHAR(10)&"Kepada Yth."&CHAR(10)&"Bapak/Ibu/Saudara/i"&CHAR(10)&"*"&TRIM(A82)&"*"&CHAR(10)&CHAR(10)&Pengaturan!$B$5&CHAR(10)&Pengaturan!$B$3&"?to="&SUBSTITUTE(SUBSTITUTE(SUBSTITUTE(TRIM(A82),"%","%25"),"&","%26")," ","%20")&CHAR(10)&CHAR(10)&Pengaturan!$B$6 -> Dengan hormat, Kepada Yth. Bapak/Ibu/Saudara/i *Endi* Tanpa mengurangi rasa hormat, perkenankan kami mengundang Bapak/Ibu/Saudara/i untuk menghadiri acara pernikahan kami. Berikut link undangan untuk info lengkap acara: https://weddingditonike.vercel.app/?to=Endi Merupakan suatu kebahagiaan bagi kami apabila Bapak/Ibu/Saudara/i berkenan hadir dan memberikan doa restu. Terima kasih. Kami yang berbahagia, Dito & Nike
A83: Fatoni | C83: =HYPERLINK(Pengaturan!$B$3&"?to="&SUBSTITUTE(SUBSTITUTE(SUBSTITUTE(TRIM(A83),"%","%25"),"&","%26")," ","%20"),Pengaturan!$B$3&"?to="&SUBSTITUTE(SUBSTITUTE(SUBSTITUTE(TRIM(A83),"%","%25"),"&","%26")," ","%20")) -> https://weddingditonike.vercel.app/?to=Fatoni | D83: =Pengaturan!$B$4&CHAR(10)&CHAR(10)&"Kepada Yth."&CHAR(10)&"Bapak/Ibu/Saudara/i"&CHAR(10)&"*"&TRIM(A83)&"*"&CHAR(10)&CHAR(10)&Pengaturan!$B$5&CHAR(10)&Pengaturan!$B$3&"?to="&SUBSTITUTE(SUBSTITUTE(SUBSTITUTE(TRIM(A83),"%","%25"),"&","%26")," ","%20")&CHAR(10)&CHAR(10)&Pengaturan!$B$6 -> Dengan hormat, Kepada Yth. Bapak/Ibu/Saudara/i *Fatoni* Tanpa mengurangi rasa hormat, perkenankan kami mengundang Bapak/Ibu/Saudara/i untuk menghadiri acara pernikahan kami. Berikut link undangan untuk info lengkap acara: https://weddingditonike.vercel.app/?to=Fatoni Merupakan suatu kebahagiaan bagi kami apabila Bapak/Ibu/Saudara/i berkenan hadir dan memberikan doa restu. Terima kasih. Kami yang berbahagia, Dito & Nike
A84: Meidiva Amanda | C84: =HYPERLINK(Pengaturan!$B$3&"?to="&SUBSTITUTE(SUBSTITUTE(SUBSTITUTE(TRIM(A84),"%","%25"),"&","%26")," ","%20"),Pengaturan!$B$3&"?to="&SUBSTITUTE(SUBSTITUTE(SUBSTITUTE(TRIM(A84),"%","%25"),"&","%26")," ","%20")) -> https://weddingditonike.vercel.app/?to=Meidiva%20Amanda | D84: =Pengaturan!$B$4&CHAR(10)&CHAR(10)&"Kepada Yth."&CHAR(10)&"Bapak/Ibu/Saudara/i"&CHAR(10)&"*"&TRIM(A84)&"*"&CHAR(10)&CHAR(10)&Pengaturan!$B$5&CHAR(10)&Pengaturan!$B$3&"?to="&SUBSTITUTE(SUBSTITUTE(SUBSTITUTE(TRIM(A84),"%","%25"),"&","%26")," ","%20")&CHAR(10)&CHAR(10)&Pengaturan!$B$6 -> Dengan hormat, Kepada Yth. Bapak/Ibu/Saudara/i *Meidiva Amanda* Tanpa mengurangi rasa hormat, perkenankan kami mengundang Bapak/Ibu/Saudara/i untuk menghadiri acara pernikahan kami. Berikut link undangan untuk info lengkap acara: https://weddingditonike.vercel.app/?to=Meidiva%20Amanda Merupakan suatu kebahagiaan bagi kami apabila Bapak/Ibu/Saudara/i berkenan hadir dan memberikan doa restu. Terima kasih. Kami yang berbahagia, Dito & Nike
A85: Muhammad Ichsan Diandra | C85: =HYPERLINK(Pengaturan!$B$3&"?to="&SUBSTITUTE(SUBSTITUTE(SUBSTITUTE(TRIM(A85),"%","%25"),"&","%26")," ","%20"),Pengaturan!$B$3&"?to="&SUBSTITUTE(SUBSTITUTE(SUBSTITUTE(TRIM(A85),"%","%25"),"&","%26")," ","%20")) -> https://weddingditonike.vercel.app/?to=Muhammad%20Ichsan%20Diandra | D85: =Pengaturan!$B$4&CHAR(10)&CHAR(10)&"Kepada Yth."&CHAR(10)&"Bapak/Ibu/Saudara/i"&CHAR(10)&"*"&TRIM(A85)&"*"&CHAR(10)&CHAR(10)&Pengaturan!$B$5&CHAR(10)&Pengaturan!$B$3&"?to="&SUBSTITUTE(SUBSTITUTE(SUBSTITUTE(TRIM(A85),"%","%25"),"&","%26")," ","%20")&CHAR(10)&CHAR(10)&Pengaturan!$B$6 -> Dengan hormat, Kepada Yth. Bapak/Ibu/Saudara/i *Muhammad Ichsan Diandra* Tanpa mengurangi rasa hormat, perkenankan kami mengundang Bapak/Ibu/Saudara/i untuk menghadiri acara pernikahan kami. Berikut link undangan untuk info lengkap acara: https://weddingditonike.vercel.app/?to=Muhammad%20Ichsan%20Diandra Merupakan suatu kebahagiaan bagi kami apabila Bapak/Ibu/Saudara/i berkenan hadir dan memberikan doa restu. Terima kasih. Kami yang berbahagia, Dito & Nike
A86: Nuryani | C86: =HYPERLINK(Pengaturan!$B$3&"?to="&SUBSTITUTE(SUBSTITUTE(SUBSTITUTE(TRIM(A86),"%","%25"),"&","%26")," ","%20"),Pengaturan!$B$3&"?to="&SUBSTITUTE(SUBSTITUTE(SUBSTITUTE(TRIM(A86),"%","%25"),"&","%26")," ","%20")) -> https://weddingditonike.vercel.app/?to=Nuryani | D86: =Pengaturan!$B$4&CHAR(10)&CHAR(10)&"Kepada Yth."&CHAR(10)&"Bapak/Ibu/Saudara/i"&CHAR(10)&"*"&TRIM(A86)&"*"&CHAR(10)&CHAR(10)&Pengaturan!$B$5&CHAR(10)&Pengaturan!$B$3&"?to="&SUBSTITUTE(SUBSTITUTE(SUBSTITUTE(TRIM(A86),"%","%25"),"&","%26")," ","%20")&CHAR(10)&CHAR(10)&Pengaturan!$B$6 -> Dengan hormat, Kepada Yth. Bapak/Ibu/Saudara/i *Nuryani* Tanpa mengurangi rasa hormat, perkenankan kami mengundang Bapak/Ibu/Saudara/i untuk menghadiri acara pernikahan kami. Berikut link undangan untuk info lengkap acara: https://weddingditonike.vercel.app/?to=Nuryani Merupakan suatu kebahagiaan bagi kami apabila Bapak/Ibu/Saudara/i berkenan hadir dan memberikan doa restu. Terima kasih. Kami yang berbahagia, Dito & Nike
... A89: Yogi Darmawan | C89: =HYPERLINK(Pengaturan!$B$3&"?to="&SUBSTITUTE(SUBSTITUTE(SUBSTITUTE(TRIM(A89),"%","%25"),"&","%26")," ","%20"),Pengaturan!$B$3&"?to="&SUBSTITUTE(SUBSTITUTE(SUBSTITUTE(TRIM(A89),"%","%25"),"&","%26")," ","%20")) -> https://weddingditonike.vercel.app/?to=Yogi%20Darmawan | D89: =Pengaturan!$B$4&CHAR(10)&CHAR(10)&"Kepada Yth."&CHAR(10)&"Bapak/Ibu/Saudara/i"&CHAR(10)&"*"&TRIM(A89)&"*"&CHAR(10)&CHAR(10)&Pengaturan!$B$5&CHAR(10)&Pengaturan!$B$3&"?to="&SUBSTITUTE(SUBSTITUTE(SUBSTITUTE(TRIM(A89),"%","%25"),"&","%26")," ","%20")&CHAR(10)&CHAR(10)&Pengaturan!$B$6 -> Dengan hormat, Kepada Yth. Bapak/Ibu/Saudara/i *Yogi Darmawan* Tanpa mengurangi rasa hormat, perkenankan kami mengundang Bapak/Ibu/Saudara/i untuk menghadiri acara pernikahan kami. Berikut link undangan untuk info lengkap acara: https://weddingditonike.vercel.app/?to=Yogi%20Darmawan Merupakan suatu kebahagiaan bagi kami apabila Bapak/Ibu/Saudara/i berkenan hadir dan memberikan doa restu. Terima kasih. Kami yang berbahagia, Dito & Nike
A90: Ahmad Hidayat | B90: UPCA & Pracetak | C90: =HYPERLINK(Pengaturan!$B$3&"?to="&SUBSTITUTE(SUBSTITUTE(SUBSTITUTE(TRIM(A90),"%","%25"),"&","%26")," ","%20"),Pengaturan!$B$3&"?to="&SUBSTITUTE(SUBSTITUTE(SUBSTITUTE(TRIM(A90),"%","%25"),"&","%26")," ","%20")) -> https://weddingditonike.vercel.app/?to=Ahmad%20Hidayat | D90: =Pengaturan!$B$4&CHAR(10)&CHAR(10)&"Kepada Yth."&CHAR(10)&"Bapak/Ibu/Saudara/i"&CHAR(10)&"*"&TRIM(A90)&"*"&CHAR(10)&CHAR(10)&Pengaturan!$B$5&CHAR(10)&Pengaturan!$B$3&"?to="&SUBSTITUTE(SUBSTITUTE(SUBSTITUTE(TRIM(A90),"%","%25"),"&","%26")," ","%20")&CHAR(10)&CHAR(10)&Pengaturan!$B$6 -> Dengan hormat, Kepada Yth. Bapak/Ibu/Saudara/i *Ahmad Hidayat* Tanpa mengurangi rasa hormat, perkenankan kami mengundang Bapak/Ibu/Saudara/i untuk menghadiri acara pernikahan kami. Berikut link undangan untuk info lengkap acara: https://weddingditonike.vercel.app/?to=Ahmad%20Hidayat Merupakan suatu kebahagiaan bagi kami apabila Bapak/Ibu/Saudara/i berkenan hadir dan memberikan doa restu. Terima kasih. Kami yang berbahagia, Dito & Nike
A91: Anton Sahroni | C91: =HYPERLINK(Pengaturan!$B$3&"?to="&SUBSTITUTE(SUBSTITUTE(SUBSTITUTE(TRIM(A91),"%","%25"),"&","%26")," ","%20"),Pengaturan!$B$3&"?to="&SUBSTITUTE(SUBSTITUTE(SUBSTITUTE(TRIM(A91),"%","%25"),"&","%26")," ","%20")) -> https://weddingditonike.vercel.app/?to=Anton%20Sahroni | D91: =Pengaturan!$B$4&CHAR(10)&CHAR(10)&"Kepada Yth."&CHAR(10)&"Bapak/Ibu/Saudara/i"&CHAR(10)&"*"&TRIM(A91)&"*"&CHAR(10)&CHAR(10)&Pengaturan!$B$5&CHAR(10)&Pengaturan!$B$3&"?to="&SUBSTITUTE(SUBSTITUTE(SUBSTITUTE(TRIM(A91),"%","%25"),"&","%26")," ","%20")&CHAR(10)&CHAR(10)&Pengaturan!$B$6 -> Dengan hormat, Kepada Yth. Bapak/Ibu/Saudara/i *Anton Sahroni* Tanpa mengurangi rasa hormat, perkenankan kami mengundang Bapak/Ibu/Saudara/i untuk menghadiri acara pernikahan kami. Berikut link undangan untuk info lengkap acara: https://weddingditonike.vercel.app/?to=Anton%20Sahroni Merupakan suatu kebahagiaan bagi kami apabila Bapak/Ibu/Saudara/i berkenan hadir dan memberikan doa restu. Terima kasih. Kami yang berbahagia, Dito & Nike
A92: Apep Kurnia | C92: =HYPERLINK(Pengaturan!$B$3&"?to="&SUBSTITUTE(SUBSTITUTE(SUBSTITUTE(TRIM(A92),"%","%25"),"&","%26")," ","%20"),Pengaturan!$B$3&"?to="&SUBSTITUTE(SUBSTITUTE(SUBSTITUTE(TRIM(A92),"%","%25"),"&","%26")," ","%20")) -> https://weddingditonike.vercel.app/?to=Apep%20Kurnia | D92: =Pengaturan!$B$4&CHAR(10)&CHAR(10)&"Kepada Yth."&CHAR(10)&"Bapak/Ibu/Saudara/i"&CHAR(10)&"*"&TRIM(A92)&"*"&CHAR(10)&CHAR(10)&Pengaturan!$B$5&CHAR(10)&Pengaturan!$B$3&"?to="&SUBSTITUTE(SUBSTITUTE(SUBSTITUTE(TRIM(A92),"%","%25"),"&","%26")," ","%20")&CHAR(10)&CHAR(10)&Pengaturan!$B$6 -> Dengan hormat, Kepada Yth. Bapak/Ibu/Saudara/i *Apep Kurnia* Tanpa mengurangi rasa hormat, perkenankan kami mengundang Bapak/Ibu/Saudara/i untuk menghadiri acara pernikahan kami. Berikut link undangan untuk info lengkap acara: https://weddingditonike.vercel.app/?to=Apep%20Kurnia Merupakan suatu kebahagiaan bagi kami apabila Bapak/Ibu/Saudara/i berkenan hadir dan memberikan doa restu. Terima kasih. Kami yang berbahagia, Dito & Nike
A93: Asep Rukmana | C93: =HYPERLINK(Pengaturan!$B$3&"?to="&SUBSTITUTE(SUBSTITUTE(SUBSTITUTE(TRIM(A93),"%","%25"),"&","%26")," ","%20"),Pengaturan!$B$3&"?to="&SUBSTITUTE(SUBSTITUTE(SUBSTITUTE(TRIM(A93),"%","%25"),"&","%26")," ","%20")) -> https://weddingditonike.vercel.app/?to=Asep%20Rukmana | D93: =Pengaturan!$B$4&CHAR(10)&CHAR(10)&"Kepada Yth."&CHAR(10)&"Bapak/Ibu/Saudara/i"&CHAR(10)&"*"&TRIM(A93)&"*"&CHAR(10)&CHAR(10)&Pengaturan!$B$5&CHAR(10)&Pengaturan!$B$3&"?to="&SUBSTITUTE(SUBSTITUTE(SUBSTITUTE(TRIM(A93),"%","%25"),"&","%26")," ","%20")&CHAR(10)&CHAR(10)&Pengaturan!$B$6 -> Dengan hormat, Kepada Yth. Bapak/Ibu/Saudara/i *Asep Rukmana* Tanpa mengurangi rasa hormat, perkenankan kami mengundang Bapak/Ibu/Saudara/i untuk menghadiri acara pernikahan kami. Berikut link undangan untuk info lengkap acara: https://weddingditonike.vercel.app/?to=Asep%20Rukmana Merupakan suatu kebahagiaan bagi kami apabila Bapak/Ibu/Saudara/i berkenan hadir dan memberikan doa restu. Terima kasih. Kami yang berbahagia, Dito & Nike
A94: Basli Rahim | C94: =HYPERLINK(Pengaturan!$B$3&"?to="&SUBSTITUTE(SUBSTITUTE(SUBSTITUTE(TRIM(A94),"%","%25"),"&","%26")," ","%20"),Pengaturan!$B$3&"?to="&SUBSTITUTE(SUBSTITUTE(SUBSTITUTE(TRIM(A94),"%","%25"),"&","%26")," ","%20")) -> https://weddingditonike.vercel.app/?to=Basli%20Rahim | D94: =Pengaturan!$B$4&CHAR(10)&CHAR(10)&"Kepada Yth."&CHAR(10)&"Bapak/Ibu/Saudara/i"&CHAR(10)&"*"&TRIM(A94)&"*"&CHAR(10)&CHAR(10)&Pengaturan!$B$5&CHAR(10)&Pengaturan!$B$3&"?to="&SUBSTITUTE(SUBSTITUTE(SUBSTITUTE(TRIM(A94),"%","%25"),"&","%26")," ","%20")&CHAR(10)&CHAR(10)&Pengaturan!$B$6 -> Dengan hormat, Kepada Yth. Bapak/Ibu/Saudara/i *Basli Rahim* Tanpa mengurangi rasa hormat, perkenankan kami mengundang Bapak/Ibu/Saudara/i untuk menghadiri acara pernikahan kami. Berikut link undangan untuk info lengkap acara: https://weddingditonike.vercel.app/?to=Basli%20Rahim Merupakan suatu kebahagiaan bagi kami apabila Bapak/Ibu/Saudara/i berkenan hadir dan memberikan doa restu. Terima kasih. Kami yang berbahagia, Dito & Nike
A95: Budi Rismanto | C95: =HYPERLINK(Pengaturan!$B$3&"?to="&SUBSTITUTE(SUBSTITUTE(SUBSTITUTE(TRIM(A95),"%","%25"),"&","%26")," ","%20"),Pengaturan!$B$3&"?to="&SUBSTITUTE(SUBSTITUTE(SUBSTITUTE(TRIM(A95),"%","%25"),"&","%26")," ","%20")) -> https://weddingditonike.vercel.app/?to=Budi%20Rismanto | D95: =Pengaturan!$B$4&CHAR(10)&CHAR(10)&"Kepada Yth."&CHAR(10)&"Bapak/Ibu/Saudara/i"&CHAR(10)&"*"&TRIM(A95)&"*"&CHAR(10)&CHAR(10)&Pengaturan!$B$5&CHAR(10)&Pengaturan!$B$3&"?to="&SUBSTITUTE(SUBSTITUTE(SUBSTITUTE(TRIM(A95),"%","%25"),"&","%26")," ","%20")&CHAR(10)&CHAR(10)&Pengaturan!$B$6 -> Dengan hormat, Kepada Yth. Bapak/Ibu/Saudara/i *Budi Rismanto* Tanpa mengurangi rasa hormat, perkenankan kami mengundang Bapak/Ibu/Saudara/i untuk menghadiri acara pernikahan kami. Berikut link undangan untuk info lengkap acara: https://weddingditonike.vercel.app/?to=Budi%20Rismanto Merupakan suatu kebahagiaan bagi kami apabila Bapak/Ibu/Saudara/i berkenan hadir dan memberikan doa restu. Terima kasih. Kami yang berbahagia, Dito & Nike
A96: Didi Krispiantoro | C96: =HYPERLINK(Pengaturan!$B$3&"?to="&SUBSTITUTE(SUBSTITUTE(SUBSTITUTE(TRIM(A96),"%","%25"),"&","%26")," ","%20"),Pengaturan!$B$3&"?to="&SUBSTITUTE(SUBSTITUTE(SUBSTITUTE(TRIM(A96),"%","%25"),"&","%26")," ","%20")) -> https://weddingditonike.vercel.app/?to=Didi%20Krispiantoro | D96: =Pengaturan!$B$4&CHAR(10)&CHAR(10)&"Kepada Yth."&CHAR(10)&"Bapak/Ibu/Saudara/i"&CHAR(10)&"*"&TRIM(A96)&"*"&CHAR(10)&CHAR(10)&Pengaturan!$B$5&CHAR(10)&Pengaturan!$B$3&"?to="&SUBSTITUTE(SUBSTITUTE(SUBSTITUTE(TRIM(A96),"%","%25"),"&","%26")," ","%20")&CHAR(10)&CHAR(10)&Pengaturan!$B$6 -> Dengan hormat, Kepada Yth. Bapak/Ibu/Saudara/i *Didi Krispiantoro* Tanpa mengurangi rasa hormat, perkenankan kami mengundang Bapak/Ibu/Saudara/i untuk menghadiri acara pernikahan kami. Berikut link undangan untuk info lengkap acara: https://weddingditonike.vercel.app/?to=Didi%20Krispiantoro Merupakan suatu kebahagiaan bagi kami apabila Bapak/Ibu/Saudara/i berkenan hadir dan memberikan doa restu. Terima kasih. Kami yang berbahagia, Dito & Nike
A97: Diki Fuad Mansyur | C97: =HYPERLINK(Pengaturan!$B$3&"?to="&SUBSTITUTE(SUBSTITUTE(SUBSTITUTE(TRIM(A97),"%","%25"),"&","%26")," ","%20"),Pengaturan!$B$3&"?to="&SUBSTITUTE(SUBSTITUTE(SUBSTITUTE(TRIM(A97),"%","%25"),"&","%26")," ","%20")) -> https://weddingditonike.vercel.app/?to=Diki%20Fuad%20Mansyur | D97: =Pengaturan!$B$4&CHAR(10)&CHAR(10)&"Kepada Yth."&CHAR(10)&"Bapak/Ibu/Saudara/i"&CHAR(10)&"*"&TRIM(A97)&"*"&CHAR(10)&CHAR(10)&Pengaturan!$B$5&CHAR(10)&Pengaturan!$B$3&"?to="&SUBSTITUTE(SUBSTITUTE(SUBSTITUTE(TRIM(A97),"%","%25"),"&","%26")," ","%20")&CHAR(10)&CHAR(10)&Pengaturan!$B$6 -> Dengan hormat, Kepada Yth. Bapak/Ibu/Saudara/i *Diki Fuad Mansyur* Tanpa mengurangi rasa hormat, perkenankan kami mengundang Bapak/Ibu/Saudara/i untuk menghadiri acara pernikahan kami. Berikut link undangan untuk info lengkap acara: https://weddingditonike.vercel.app/?to=Diki%20Fuad%20Mansyur Merupakan suatu kebahagiaan bagi kami apabila Bapak/Ibu/Saudara/i berkenan hadir dan memberikan doa restu. Terima kasih. Kami yang berbahagia, Dito & Nike
A98: Dwi Artanto | C98: =HYPERLINK(Pengaturan!$B$3&"?to="&SUBSTITUTE(SUBSTITUTE(SUBSTITUTE(TRIM(A98),"%","%25"),"&","%26")," ","%20"),Pengaturan!$B$3&"?to="&SUBSTITUTE(SUBSTITUTE(SUBSTITUTE(TRIM(A98),"%","%25"),"&","%26")," ","%20")) -> https://weddingditonike.vercel.app/?to=Dwi%20Artanto | D98: =Pengaturan!$B$4&CHAR(10)&CHAR(10)&"Kepada Yth."&CHAR(10)&"Bapak/Ibu/Saudara/i"&CHAR(10)&"*"&TRIM(A98)&"*"&CHAR(10)&CHAR(10)&Pengaturan!$B$5&CHAR(10)&Pengaturan!$B$3&"?to="&SUBSTITUTE(SUBSTITUTE(SUBSTITUTE(TRIM(A98),"%","%25"),"&","%26")," ","%20")&CHAR(10)&CHAR(10)&Pengaturan!$B$6 -> Dengan hormat, Kepada Yth. Bapak/Ibu/Saudara/i *Dwi Artanto* Tanpa mengurangi rasa hormat, perkenankan kami mengundang Bapak/Ibu/Saudara/i untuk menghadiri acara pernikahan kami. Berikut link undangan untuk info lengkap acara: https://weddingditonike.vercel.app/?to=Dwi%20Artanto Merupakan suatu kebahagiaan bagi kami apabila Bapak/Ibu/Saudara/i berkenan hadir dan memberikan doa restu. Terima kasih. Kami yang berbahagia, Dito & Nike
A99: Hendri Suryandaru | C99: =HYPERLINK(Pengaturan!$B$3&"?to="&SUBSTITUTE(SUBSTITUTE(SUBSTITUTE(TRIM(A99),"%","%25"),"&","%26")," ","%20"),Pengaturan!$B$3&"?to="&SUBSTITUTE(SUBSTITUTE(SUBSTITUTE(TRIM(A99),"%","%25"),"&","%26")," ","%20")) -> https://weddingditonike.vercel.app/?to=Hendri%20Suryandaru | D99: =Pengaturan!$B$4&CHAR(10)&CHAR(10)&"Kepada Yth."&CHAR(10)&"Bapak/Ibu/Saudara/i"&CHAR(10)&"*"&TRIM(A99)&"*"&CHAR(10)&CHAR(10)&Pengaturan!$B$5&CHAR(10)&Pengaturan!$B$3&"?to="&SUBSTITUTE(SUBSTITUTE(SUBSTITUTE(TRIM(A99),"%","%25"),"&","%26")," ","%20")&CHAR(10)&CHAR(10)&Pengaturan!$B$6 -> Dengan hormat, Kepada Yth. Bapak/Ibu/Saudara/i *Hendri Suryandaru* Tanpa mengurangi rasa hormat, perkenankan kami mengundang Bapak/Ibu/Saudara/i untuk menghadiri acara pernikahan kami. Berikut link undangan untuk info lengkap acara: https://weddingditonike.vercel.app/?to=Hendri%20Suryandaru Merupakan suatu kebahagiaan bagi kami apabila Bapak/Ibu/Saudara/i berkenan hadir dan memberikan doa restu. Terima kasih. Kami yang berbahagia, Dito & Nike
A100: Iskandar | C100: =HYPERLINK(Pengaturan!$B$3&"?to="&SUBSTITUTE(SUBSTITUTE(SUBSTITUTE(TRIM(A100),"%","%25"),"&","%26")," ","%20"),Pengaturan!$B$3&"?to="&SUBSTITUTE(SUBSTITUTE(SUBSTITUTE(TRIM(A100),"%","%25"),"&","%26")," ","%20")) -> https://weddingditonike.vercel.app/?to=Iskandar | D100: =Pengaturan!$B$4&CHAR(10)&CHAR(10)&"Kepada Yth."&CHAR(10)&"Bapak/Ibu/Saudara/i"&CHAR(10)&"*"&TRIM(A100)&"*"&CHAR(10)&CHAR(10)&Pengaturan!$B$5&CHAR(10)&Pengaturan!$B$3&"?to="&SUBSTITUTE(SUBSTITUTE(SUBSTITUTE(TRIM(A100),"%","%25"),"&","%26")," ","%20")&CHAR(10)&CHAR(10)&Pengaturan!$B$6 -> Dengan hormat, Kepada Yth. Bapak/Ibu/Saudara/i *Iskandar* Tanpa mengurangi rasa hormat, perkenankan kami mengundang Bapak/Ibu/Saudara/i untuk menghadiri acara pernikahan kami. Berikut link undangan untuk info lengkap acara: https://weddingditonike.vercel.app/?to=Iskandar Merupakan suatu kebahagiaan bagi kami apabila Bapak/Ibu/Saudara/i berkenan hadir dan memberikan doa restu. Terima kasih. Kami yang berbahagia, Dito & Nike
A101: Ismail | C101: =HYPERLINK(Pengaturan!$B$3&"?to="&SUBSTITUTE(SUBSTITUTE(SUBSTITUTE(TRIM(A101),"%","%25"),"&","%26")," ","%20"),Pengaturan!$B$3&"?to="&SUBSTITUTE(SUBSTITUTE(SUBSTITUTE(TRIM(A101),"%","%25"),"&","%26")," ","%20")) -> https://weddingditonike.vercel.app/?to=Ismail | D101: =Pengaturan!$B$4&CHAR(10)&CHAR(10)&"Kepada Yth."&CHAR(10)&"Bapak/Ibu/Saudara/i"&CHAR(10)&"*"&TRIM(A101)&"*"&CHAR(10)&CHAR(10)&Pengaturan!$B$5&CHAR(10)&Pengaturan!$B$3&"?to="&SUBSTITUTE(SUBSTITUTE(SUBSTITUTE(TRIM(A101),"%","%25"),"&","%26")," ","%20")&CHAR(10)&CHAR(10)&Pengaturan!$B$6 -> Dengan hormat, Kepada Yth. Bapak/Ibu/Saudara/i *Ismail* Tanpa mengurangi rasa hormat, perkenankan kami mengundang Bapak/Ibu/Saudara/i untuk menghadiri acara pernikahan kami. Berikut link undangan untuk info lengkap acara: https://weddingditonike.vercel.app/?to=Ismail Merupakan suatu kebahagiaan bagi kami apabila Bapak/Ibu/Saudara/i berkenan hadir dan memberikan doa restu. Terima kasih. Kami yang berbahagia, Dito & Nike
A102: Karyidi | C102: =HYPERLINK(Pengaturan!$B$3&"?to="&SUBSTITUTE(SUBSTITUTE(SUBSTITUTE(TRIM(A102),"%","%25"),"&","%26")," ","%20"),Pengaturan!$B$3&"?to="&SUBSTITUTE(SUBSTITUTE(SUBSTITUTE(TRIM(A102),"%","%25"),"&","%26")," ","%20")) -> https://weddingditonike.vercel.app/?to=Karyidi | D102: =Pengaturan!$B$4&CHAR(10)&CHAR(10)&"Kepada Yth."&CHAR(10)&"Bapak/Ibu/Saudara/i"&CHAR(10)&"*"&TRIM(A102)&"*"&CHAR(10)&CHAR(10)&Pengaturan!$B$5&CHAR(10)&Pengaturan!$B$3&"?to="&SUBSTITUTE(SUBSTITUTE(SUBSTITUTE(TRIM(A102),"%","%25"),"&","%26")," ","%20")&CHAR(10)&CHAR(10)&Pengaturan!$B$6 -> Dengan hormat, Kepada Yth. Bapak/Ibu/Saudara/i *Karyidi* Tanpa mengurangi rasa hormat, perkenankan kami mengundang Bapak/Ibu/Saudara/i untuk menghadiri acara pernikahan kami. Berikut link undangan untuk info lengkap acara: https://weddingditonike.vercel.app/?to=Karyidi Merupakan suatu kebahagiaan bagi kami apabila Bapak/Ibu/Saudara/i berkenan hadir dan memberikan doa restu. Terima kasih. Kami yang berbahagia, Dito & Nike
... A108: Zulkifli Tjatjo | C108: =HYPERLINK(Pengaturan!$B$3&"?to="&SUBSTITUTE(SUBSTITUTE(SUBSTITUTE(TRIM(A108),"%","%25"),"&","%26")," ","%20"),Pengaturan!$B$3&"?to="&SUBSTITUTE(SUBSTITUTE(SUBSTITUTE(TRIM(A108),"%","%25"),"&","%26")," ","%20")) -> https://weddingditonike.vercel.app/?to=Zulkifli%20Tjatjo | D108: =Pengaturan!$B$4&CHAR(10)&CHAR(10)&"Kepada Yth."&CHAR(10)&"Bapak/Ibu/Saudara/i"&CHAR(10)&"*"&TRIM(A108)&"*"&CHAR(10)&CHAR(10)&Pengaturan!$B$5&CHAR(10)&Pengaturan!$B$3&"?to="&SUBSTITUTE(SUBSTITUTE(SUBSTITUTE(TRIM(A108),"%","%25"),"&","%26")," ","%20")&CHAR(10)&CHAR(10)&Pengaturan!$B$6 -> Dengan hormat, Kepada Yth. Bapak/Ibu/Saudara/i *Zulkifli Tjatjo* Tanpa mengurangi rasa hormat, perkenankan kami mengundang Bapak/Ibu/Saudara/i untuk menghadiri acara pernikahan kami. Berikut link undangan untuk info lengkap acara: https://weddingditonike.vercel.app/?to=Zulkifli%20Tjatjo Merupakan suatu kebahagiaan bagi kami apabila Bapak/Ibu/Saudara/i berkenan hadir dan memberikan doa restu. Terima kasih. Kami yang berbahagia, Dito & Nike
A109: Dadi Widya Pratama | B109: Pengelolaan Wisma | C109: =HYPERLINK(Pengaturan!$B$3&"?to="&SUBSTITUTE(SUBSTITUTE(SUBSTITUTE(TRIM(A109),"%","%25"),"&","%26")," ","%20"),Pengaturan!$B$3&"?to="&SUBSTITUTE(SUBSTITUTE(SUBSTITUTE(TRIM(A109),"%","%25"),"&","%26")," ","%20")) -> https://weddingditonike.vercel.app/?to=Dadi%20Widya%20Pratama | D109: =Pengaturan!$B$4&CHAR(10)&CHAR(10)&"Kepada Yth."&CHAR(10)&"Bapak/Ibu/Saudara/i"&CHAR(10)&"*"&TRIM(A109)&"*"&CHAR(10)&CHAR(10)&Pengaturan!$B$5&CHAR(10)&Pengaturan!$B$3&"?to="&SUBSTITUTE(SUBSTITUTE(SUBSTITUTE(TRIM(A109),"%","%25"),"&","%26")," ","%20")&CHAR(10)&CHAR(10)&Pengaturan!$B$6 -> Dengan hormat, Kepada Yth. Bapak/Ibu/Saudara/i *Dadi Widya Pratama* Tanpa mengurangi rasa hormat, perkenankan kami mengundang Bapak/Ibu/Saudara/i untuk menghadiri acara pernikahan kami. Berikut link undangan untuk info lengkap acara: https://weddingditonike.vercel.app/?to=Dadi%20Widya%20Pratama Merupakan suatu kebahagiaan bagi kami apabila Bapak/Ibu/Saudara/i berkenan hadir dan memberikan doa restu. Terima kasih. Kami yang berbahagia, Dito & Nike
A110: A. A. Ayu Teni Pratiwi | C110: =HYPERLINK(Pengaturan!$B$3&"?to="&SUBSTITUTE(SUBSTITUTE(SUBSTITUTE(TRIM(A110),"%","%25"),"&","%26")," ","%20"),Pengaturan!$B$3&"?to="&SUBSTITUTE(SUBSTITUTE(SUBSTITUTE(TRIM(A110),"%","%25"),"&","%26")," ","%20")) -> https://weddingditonike.vercel.app/?to=A.%20A.%20Ayu%20Teni%20Pratiwi | D110: =Pengaturan!$B$4&CHAR(10)&CHAR(10)&"Kepada Yth."&CHAR(10)&"Bapak/Ibu/Saudara/i"&CHAR(10)&"*"&TRIM(A110)&"*"&CHAR(10)&CHAR(10)&Pengaturan!$B$5&CHAR(10)&Pengaturan!$B$3&"?to="&SUBSTITUTE(SUBSTITUTE(SUBSTITUTE(TRIM(A110),"%","%25"),"&","%26")," ","%20")&CHAR(10)&CHAR(10)&Pengaturan!$B$6 -> Dengan hormat, Kepada Yth. Bapak/Ibu/Saudara/i *A. A. Ayu Teni Pratiwi* Tanpa mengurangi rasa hormat, perkenankan kami mengundang Bapak/Ibu/Saudara/i untuk menghadiri acara pernikahan kami. Berikut link undangan untuk info lengkap acara: https://weddingditonike.vercel.app/?to=A.%20A.%20Ayu%20Teni%20Pratiwi Merupakan suatu kebahagiaan bagi kami apabila Bapak/Ibu/Saudara/i berkenan hadir dan memberikan doa restu. Terima kasih. Kami yang berbahagia, Dito & Nike
A111: Ahmad Yani | C111: =HYPERLINK(Pengaturan!$B$3&"?to="&SUBSTITUTE(SUBSTITUTE(SUBSTITUTE(TRIM(A111),"%","%25"),"&","%26")," ","%20"),Pengaturan!$B$3&"?to="&SUBSTITUTE(SUBSTITUTE(SUBSTITUTE(TRIM(A111),"%","%25"),"&","%26")," ","%20")) -> https://weddingditonike.vercel.app/?to=Ahmad%20Yani | D111: =Pengaturan!$B$4&CHAR(10)&CHAR(10)&"Kepada Yth."&CHAR(10)&"Bapak/Ibu/Saudara/i"&CHAR(10)&"*"&TRIM(A111)&"*"&CHAR(10)&CHAR(10)&Pengaturan!$B$5&CHAR(10)&Pengaturan!$B$3&"?to="&SUBSTITUTE(SUBSTITUTE(SUBSTITUTE(TRIM(A111),"%","%25"),"&","%26")," ","%20")&CHAR(10)&CHAR(10)&Pengaturan!$B$6 -> Dengan hormat, Kepada Yth. Bapak/Ibu/Saudara/i *Ahmad Yani* Tanpa mengurangi rasa hormat, perkenankan kami mengundang Bapak/Ibu/Saudara/i untuk menghadiri acara pernikahan kami. Berikut link undangan untuk info lengkap acara: https://weddingditonike.vercel.app/?to=Ahmad%20Yani Merupakan suatu kebahagiaan bagi kami apabila Bapak/Ibu/Saudara/i berkenan hadir dan memberikan doa restu. Terima kasih. Kami yang berbahagia, Dito & Nike
A112: Akbar Hidayat | C112: =HYPERLINK(Pengaturan!$B$3&"?to="&SUBSTITUTE(SUBSTITUTE(SUBSTITUTE(TRIM(A112),"%","%25"),"&","%26")," ","%20"),Pengaturan!$B$3&"?to="&SUBSTITUTE(SUBSTITUTE(SUBSTITUTE(TRIM(A112),"%","%25"),"&","%26")," ","%20")) -> https://weddingditonike.vercel.app/?to=Akbar%20Hidayat | D112: =Pengaturan!$B$4&CHAR(10)&CHAR(10)&"Kepada Yth."&CHAR(10)&"Bapak/Ibu/Saudara/i"&CHAR(10)&"*"&TRIM(A112)&"*"&CHAR(10)&CHAR(10)&Pengaturan!$B$5&CHAR(10)&Pengaturan!$B$3&"?to="&SUBSTITUTE(SUBSTITUTE(SUBSTITUTE(TRIM(A112),"%","%25"),"&","%26")," ","%20")&CHAR(10)&CHAR(10)&Pengaturan!$B$6 -> Dengan hormat, Kepada Yth. Bapak/Ibu/Saudara/i *Akbar Hidayat* Tanpa mengurangi rasa hormat, perkenankan kami mengundang Bapak/Ibu/Saudara/i untuk menghadiri acara pernikahan kami. Berikut link undangan untuk info lengkap acara: https://weddingditonike.vercel.app/?to=Akbar%20Hidayat Merupakan suatu kebahagiaan bagi kami apabila Bapak/Ibu/Saudara/i berkenan hadir dan memberikan doa restu. Terima kasih. Kami yang berbahagia, Dito & Nike
A113: Aloysius Roja | C113: =HYPERLINK(Pengaturan!$B$3&"?to="&SUBSTITUTE(SUBSTITUTE(SUBSTITUTE(TRIM(A113),"%","%25"),"&","%26")," ","%20"),Pengaturan!$B$3&"?to="&SUBSTITUTE(SUBSTITUTE(SUBSTITUTE(TRIM(A113),"%","%25"),"&","%26")," ","%20")) -> https://weddingditonike.vercel.app/?to=Aloysius%20Roja | D113: =Pengaturan!$B$4&CHAR(10)&CHAR(10)&"Kepada Yth."&CHAR(10)&"Bapak/Ibu/Saudara/i"&CHAR(10)&"*"&TRIM(A113)&"*"&CHAR(10)&CHAR(10)&Pengaturan!$B$5&CHAR(10)&Pengaturan!$B$3&"?to="&SUBSTITUTE(SUBSTITUTE(SUBSTITUTE(TRIM(A113),"%","%25"),"&","%26")," ","%20")&CHAR(10)&CHAR(10)&Pengaturan!$B$6 -> Dengan hormat, Kepada Yth. Bapak/Ibu/Saudara/i *Aloysius Roja* Tanpa mengurangi rasa hormat, perkenankan kami mengundang Bapak/Ibu/Saudara/i untuk menghadiri acara pernikahan kami. Berikut link undangan untuk info lengkap acara: https://weddingditonike.vercel.app/?to=Aloysius%20Roja Merupakan suatu kebahagiaan bagi kami apabila Bapak/Ibu/Saudara/i berkenan hadir dan memberikan doa restu. Terima kasih. Kami yang berbahagia, Dito & Nike
A114: Anak Agung Arimbawa | C114: =HYPERLINK(Pengaturan!$B$3&"?to="&SUBSTITUTE(SUBSTITUTE(SUBSTITUTE(TRIM(A114),"%","%25"),"&","%26")," ","%20"),Pengaturan!$B$3&"?to="&SUBSTITUTE(SUBSTITUTE(SUBSTITUTE(TRIM(A114),"%","%25"),"&","%26")," ","%20")) -> https://weddingditonike.vercel.app/?to=Anak%20Agung%20Arimbawa | D114: =Pengaturan!$B$4&CHAR(10)&CHAR(10)&"Kepada Yth."&CHAR(10)&"Bapak/Ibu/Saudara/i"&CHAR(10)&"*"&TRIM(A114)&"*"&CHAR(10)&CHAR(10)&Pengaturan!$B$5&CHAR(10)&Pengaturan!$B$3&"?to="&SUBSTITUTE(SUBSTITUTE(SUBSTITUTE(TRIM(A114),"%","%25"),"&","%26")," ","%20")&CHAR(10)&CHAR(10)&Pengaturan!$B$6 -> Dengan hormat, Kepada Yth. Bapak/Ibu/Saudara/i *Anak Agung Arimbawa* Tanpa mengurangi rasa hormat, perkenankan kami mengundang Bapak/Ibu/Saudara/i untuk menghadiri acara pernikahan kami. Berikut link undangan untuk info lengkap acara: https://weddingditonike.vercel.app/?to=Anak%20Agung%20Arimbawa Merupakan suatu kebahagiaan bagi kami apabila Bapak/Ibu/Saudara/i berkenan hadir dan memberikan doa restu. Terima kasih. Kami yang berbahagia, Dito & Nike
A115: Anjar Purwati | C115: =HYPERLINK(Pengaturan!$B$3&"?to="&SUBSTITUTE(SUBSTITUTE(SUBSTITUTE(TRIM(A115),"%","%25"),"&","%26")," ","%20"),Pengaturan!$B$3&"?to="&SUBSTITUTE(SUBSTITUTE(SUBSTITUTE(TRIM(A115),"%","%25"),"&","%26")," ","%20")) -> https://weddingditonike.vercel.app/?to=Anjar%20Purwati | D115: =Pengaturan!$B$4&CHAR(10)&CHAR(10)&"Kepada Yth."&CHAR(10)&"Bapak/Ibu/Saudara/i"&CHAR(10)&"*"&TRIM(A115)&"*"&CHAR(10)&CHAR(10)&Pengaturan!$B$5&CHAR(10)&Pengaturan!$B$3&"?to="&SUBSTITUTE(SUBSTITUTE(SUBSTITUTE(TRIM(A115),"%","%25"),"&","%26")," ","%20")&CHAR(10)&CHAR(10)&Pengaturan!$B$6 -> Dengan hormat, Kepada Yth. Bapak/Ibu/Saudara/i *Anjar Purwati* Tanpa mengurangi rasa hormat, perkenankan kami mengundang Bapak/Ibu/Saudara/i untuk menghadiri acara pernikahan kami. Berikut link undangan untuk info lengkap acara: https://weddingditonike.vercel.app/?to=Anjar%20Purwati Merupakan suatu kebahagiaan bagi kami apabila Bapak/Ibu/Saudara/i berkenan hadir dan memberikan doa restu. Terima kasih. Kami yang berbahagia, Dito & Nike
A116: Ary Sandiarto | C116: =HYPERLINK(Pengaturan!$B$3&"?to="&SUBSTITUTE(SUBSTITUTE(SUBSTITUTE(TRIM(A116),"%","%25"),"&","%26")," ","%20"),Pengaturan!$B$3&"?to="&SUBSTITUTE(SUBSTITUTE(SUBSTITUTE(TRIM(A116),"%","%25"),"&","%26")," ","%20")) -> https://weddingditonike.vercel.app/?to=Ary%20Sandiarto | D116: =Pengaturan!$B$4&CHAR(10)&CHAR(10)&"Kepada Yth."&CHAR(10)&"Bapak/Ibu/Saudara/i"&CHAR(10)&"*"&TRIM(A116)&"*"&CHAR(10)&CHAR(10)&Pengaturan!$B$5&CHAR(10)&Pengaturan!$B$3&"?to="&SUBSTITUTE(SUBSTITUTE(SUBSTITUTE(TRIM(A116),"%","%25"),"&","%26")," ","%20")&CHAR(10)&CHAR(10)&Pengaturan!$B$6 -> Dengan hormat, Kepada Yth. Bapak/Ibu/Saudara/i *Ary Sandiarto* Tanpa mengurangi rasa hormat, perkenankan kami mengundang Bapak/Ibu/Saudara/i untuk menghadiri acara pernikahan kami. Berikut link undangan untuk info lengkap acara: https://weddingditonike.vercel.app/?to=Ary%20Sandiarto Merupakan suatu kebahagiaan bagi kami apabila Bapak/Ibu/Saudara/i berkenan hadir dan memberikan doa restu. Terima kasih. Kami yang berbahagia, Dito & Nike
A117: Bayu Prasetyo Putro | C117: =HYPERLINK(Pengaturan!$B$3&"?to="&SUBSTITUTE(SUBSTITUTE(SUBSTITUTE(TRIM(A117),"%","%25"),"&","%26")," ","%20"),Pengaturan!$B$3&"?to="&SUBSTITUTE(SUBSTITUTE(SUBSTITUTE(TRIM(A117),"%","%25"),"&","%26")," ","%20")) -> https://weddingditonike.vercel.app/?to=Bayu%20Prasetyo%20Putro | D117: =Pengaturan!$B$4&CHAR(10)&CHAR(10)&"Kepada Yth."&CHAR(10)&"Bapak/Ibu/Saudara/i"&CHAR(10)&"*"&TRIM(A117)&"*"&CHAR(10)&CHAR(10)&Pengaturan!$B$5&CHAR(10)&Pengaturan!$B$3&"?to="&SUBSTITUTE(SUBSTITUTE(SUBSTITUTE(TRIM(A117),"%","%25"),"&","%26")," ","%20")&CHAR(10)&CHAR(10)&Pengaturan!$B$6 -> Dengan hormat, Kepada Yth. Bapak/Ibu/Saudara/i *Bayu Prasetyo Putro* Tanpa mengurangi rasa hormat, perkenankan kami mengundang Bapak/Ibu/Saudara/i untuk menghadiri acara pernikahan kami. Berikut link undangan untuk info lengkap acara: https://weddingditonike.vercel.app/?to=Bayu%20Prasetyo%20Putro Merupakan suatu kebahagiaan bagi kami apabila Bapak/Ibu/Saudara/i berkenan hadir dan memberikan doa restu. Terima kasih. Kami yang berbahagia, Dito & Nike
A118: Cok. Istri Priska Mitasari | C118: =HYPERLINK(Pengaturan!$B$3&"?to="&SUBSTITUTE(SUBSTITUTE(SUBSTITUTE(TRIM(A118),"%","%25"),"&","%26")," ","%20"),Pengaturan!$B$3&"?to="&SUBSTITUTE(SUBSTITUTE(SUBSTITUTE(TRIM(A118),"%","%25"),"&","%26")," ","%20")) -> https://weddingditonike.vercel.app/?to=Cok.%20Istri%20Priska%20Mitasari | D118: =Pengaturan!$B$4&CHAR(10)&CHAR(10)&"Kepada Yth."&CHAR(10)&"Bapak/Ibu/Saudara/i"&CHAR(10)&"*"&TRIM(A118)&"*"&CHAR(10)&CHAR(10)&Pengaturan!$B$5&CHAR(10)&Pengaturan!$B$3&"?to="&SUBSTITUTE(SUBSTITUTE(SUBSTITUTE(TRIM(A118),"%","%25"),"&","%26")," ","%20")&CHAR(10)&CHAR(10)&Pengaturan!$B$6 -> Dengan hormat, Kepada Yth. Bapak/Ibu/Saudara/i *Cok. Istri Priska Mitasari* Tanpa mengurangi rasa hormat, perkenankan kami mengundang Bapak/Ibu/Saudara/i untuk menghadiri acara pernikahan kami. Berikut link undangan untuk info lengkap acara: https://weddingditonike.vercel.app/?to=Cok.%20Istri%20Priska%20Mitasari Merupakan suatu kebahagiaan bagi kami apabila Bapak/Ibu/Saudara/i berkenan hadir dan memberikan doa restu. Terima kasih. Kami yang berbahagia, Dito & Nike
A119: Dicky Fazery Anantha | C119: =HYPERLINK(Pengaturan!$B$3&"?to="&SUBSTITUTE(SUBSTITUTE(SUBSTITUTE(TRIM(A119),"%","%25"),"&","%26")," ","%20"),Pengaturan!$B$3&"?to="&SUBSTITUTE(SUBSTITUTE(SUBSTITUTE(TRIM(A119),"%","%25"),"&","%26")," ","%20")) -> https://weddingditonike.vercel.app/?to=Dicky%20Fazery%20Anantha | D119: =Pengaturan!$B$4&CHAR(10)&CHAR(10)&"Kepada Yth."&CHAR(10)&"Bapak/Ibu/Saudara/i"&CHAR(10)&"*"&TRIM(A119)&"*"&CHAR(10)&CHAR(10)&Pengaturan!$B$5&CHAR(10)&Pengaturan!$B$3&"?to="&SUBSTITUTE(SUBSTITUTE(SUBSTITUTE(TRIM(A119),"%","%25"),"&","%26")," ","%20")&CHAR(10)&CHAR(10)&Pengaturan!$B$6 -> Dengan hormat, Kepada Yth. Bapak/Ibu/Saudara/i *Dicky Fazery Anantha* Tanpa mengurangi rasa hormat, perkenankan kami mengundang Bapak/Ibu/Saudara/i untuk menghadiri acara pernikahan kami. Berikut link undangan untuk info lengkap acara: https://weddingditonike.vercel.app/?to=Dicky%20Fazery%20Anantha Merupakan suatu kebahagiaan bagi kami apabila Bapak/Ibu/Saudara/i berkenan hadir dan memberikan doa restu. Terima kasih. Kami yang berbahagia, Dito & Nike
A120: Eka Widya Maya Sari | C120: =HYPERLINK(Pengaturan!$B$3&"?to="&SUBSTITUTE(SUBSTITUTE(SUBSTITUTE(TRIM(A120),"%","%25"),"&","%26")," ","%20"),Pengaturan!$B$3&"?to="&SUBSTITUTE(SUBSTITUTE(SUBSTITUTE(TRIM(A120),"%","%25"),"&","%26")," ","%20")) -> https://weddingditonike.vercel.app/?to=Eka%20Widya%20Maya%20Sari | D120: =Pengaturan!$B$4&CHAR(10)&CHAR(10)&"Kepada Yth."&CHAR(10)&"Bapak/Ibu/Saudara/i"&CHAR(10)&"*"&TRIM(A120)&"*"&CHAR(10)&CHAR(10)&Pengaturan!$B$5&CHAR(10)&Pengaturan!$B$3&"?to="&SUBSTITUTE(SUBSTITUTE(SUBSTITUTE(TRIM(A120),"%","%25"),"&","%26")," ","%20")&CHAR(10)&CHAR(10)&Pengaturan!$B$6 -> Dengan hormat, Kepada Yth. Bapak/Ibu/Saudara/i *Eka Widya Maya Sari* Tanpa mengurangi rasa hormat, perkenankan kami mengundang Bapak/Ibu/Saudara/i untuk menghadiri acara pernikahan kami. Berikut link undangan untuk info lengkap acara: https://weddingditonike.vercel.app/?to=Eka%20Widya%20Maya%20Sari Merupakan suatu kebahagiaan bagi kami apabila Bapak/Ibu/Saudara/i berkenan hadir dan memberikan doa restu. Terima kasih. Kami yang berbahagia, Dito & Nike
A121: Gd. Darmayasa | C121: =HYPERLINK(Pengaturan!$B$3&"?to="&SUBSTITUTE(SUBSTITUTE(SUBSTITUTE(TRIM(A121),"%","%25"),"&","%26")," ","%20"),Pengaturan!$B$3&"?to="&SUBSTITUTE(SUBSTITUTE(SUBSTITUTE(TRIM(A121),"%","%25"),"&","%26")," ","%20")) -> https://weddingditonike.vercel.app/?to=Gd.%20Darmayasa | D121: =Pengaturan!$B$4&CHAR(10)&CHAR(10)&"Kepada Yth."&CHAR(10)&"Bapak/Ibu/Saudara/i"&CHAR(10)&"*"&TRIM(A121)&"*"&CHAR(10)&CHAR(10)&Pengaturan!$B$5&CHAR(10)&Pengaturan!$B$3&"?to="&SUBSTITUTE(SUBSTITUTE(SUBSTITUTE(TRIM(A121),"%","%25"),"&","%26")," ","%20")&CHAR(10)&CHAR(10)&Pengaturan!$B$6 -> Dengan hormat, Kepada Yth. Bapak/Ibu/Saudara/i *Gd. Darmayasa* Tanpa mengurangi rasa hormat, perkenankan kami mengundang Bapak/Ibu/Saudara/i untuk menghadiri acara pernikahan kami. Berikut link undangan untuk info lengkap acara: https://weddingditonike.vercel.app/?to=Gd.%20Darmayasa Merupakan suatu kebahagiaan bagi kami apabila Bapak/Ibu/Saudara/i berkenan hadir dan memberikan doa restu. Terima kasih. Kami yang berbahagia, Dito & Nike
... A207: Yeti Kartika | C207: =HYPERLINK(Pengaturan!$B$3&"?to="&SUBSTITUTE(SUBSTITUTE(SUBSTITUTE(TRIM(A207),"%","%25"),"&","%26")," ","%20"),Pengaturan!$B$3&"?to="&SUBSTITUTE(SUBSTITUTE(SUBSTITUTE(TRIM(A207),"%","%25"),"&","%26")," ","%20")) -> https://weddingditonike.vercel.app/?to=Yeti%20Kartika | D207: =Pengaturan!$B$4&CHAR(10)&CHAR(10)&"Kepada Yth."&CHAR(10)&"Bapak/Ibu/Saudara/i"&CHAR(10)&"*"&TRIM(A207)&"*"&CHAR(10)&CHAR(10)&Pengaturan!$B$5&CHAR(10)&Pengaturan!$B$3&"?to="&SUBSTITUTE(SUBSTITUTE(SUBSTITUTE(TRIM(A207),"%","%25"),"&","%26")," ","%20")&CHAR(10)&CHAR(10)&Pengaturan!$B$6 -> Dengan hormat, Kepada Yth. Bapak/Ibu/Saudara/i *Yeti Kartika* Tanpa mengurangi rasa hormat, perkenankan kami mengundang Bapak/Ibu/Saudara/i untuk menghadiri acara pernikahan kami. Berikut link undangan untuk info lengkap acara: https://weddingditonike.vercel.app/?to=Yeti%20Kartika Merupakan suatu kebahagiaan bagi kami apabila Bapak/Ibu/Saudara/i berkenan hadir dan memberikan doa restu. Terima kasih. Kami yang berbahagia, Dito & Nike

Sheet Pengaturan
A1: PENGATURAN LINK & PESAN
A2: Pengaturan | B2: Isi (sel kuning boleh diubah) | C2: Keterangan
A3: Alamat website undangan | B3: https://weddingditonike.vercel.app/ | C3: Ganti dengan alamat undangan di Vercel. Semua link di sheet Tamu ikut berubah otomatis.
A4: Salam pembuka | B4: Dengan hormat, | C4: Boleh diganti, mis. Assalamu'alaikum Wr. Wb.
A5: Kalimat undangan | B5: Tanpa mengurangi rasa hormat, perkenankan kami mengundang Bapak/Ibu/Saudara/i untuk menghadiri acara pernikahan kami. Berikut link undangan untuk info lengkap acara:
A6: Penutup | B6: Merupakan suatu kebahagiaan bagi kami apabila Bapak/Ibu/Saudara/i berkenan hadir dan memberikan doa restu. Terima kasih. Kami yang berbahagia, Dito & Nike
A8: Catatan: nama tamu diambil dari kolom A sheet Tamu. Spasi diubah jadi %20 dan tanda & jadi %26 supaya link aman.
