Workbook

Sheet Tamu 
A1: UNDANGAN WEBSITE
A2: Nama Tamu | B2: Bagian | C2: Link Undangan | D2: Nomor WA | E2: Kirim WA | F2: Terkirim?
A3: Adwin Nugroho Bachtiar | B3: Subbagian Tata Usaha | C3: =HYPERLINK(Pengaturan!$B$3&"?to="&SUBSTITUTE(SUBSTITUTE(SUBSTITUTE(TRIM(A3),"%","%25"),"&","%26")," ","%20"),Pengaturan!$B$3&"?to="&SUBSTITUTE(SUBSTITUTE(SUBSTITUTE(TRIM(A3),"%","%25"),"&","%26")," ","%20")) | D3: 081211685320 | E3: 📲 Kirim WA
A4: Ahmad Irhamni | C4: =HYPERLINK(Pengaturan!$B$3&"?to="&SUBSTITUTE(SUBSTITUTE(SUBSTITUTE(TRIM(A4),"%","%25"),"&","%26")," ","%20"),Pengaturan!$B$3&"?to="&SUBSTITUTE(SUBSTITUTE(SUBSTITUTE(TRIM(A4),"%","%25"),"&","%26")," ","%20")) | D4: 081584032175 | E4: 📲 Kirim WA
A5: Annisa Fitria Wardani | C5: =HYPERLINK(Pengaturan!$B$3&"?to="&SUBSTITUTE(SUBSTITUTE(SUBSTITUTE(TRIM(A5),"%","%25"),"&","%26")," ","%20"),Pengaturan!$B$3&"?to="&SUBSTITUTE(SUBSTITUTE(SUBSTITUTE(TRIM(A5),"%","%25"),"&","%26")," ","%20")) | D5: 081237543933 | E5: 📲 Kirim WA
A6: Annisa Nur Asmara | C6: =HYPERLINK(Pengaturan!$B$3&"?to="&SUBSTITUTE(SUBSTITUTE(SUBSTITUTE(TRIM(A6),"%","%25"),"&","%26")," ","%20"),Pengaturan!$B$3&"?to="&SUBSTITUTE(SUBSTITUTE(SUBSTITUTE(TRIM(A6),"%","%25"),"&","%26")," ","%20")) | D6: 081224505608 | E6: 📲 Kirim WA
A7: Ardi Dwi Rahmat | C7: =HYPERLINK(Pengaturan!$B$3&"?to="&SUBSTITUTE(SUBSTITUTE(SUBSTITUTE(TRIM(A7),"%","%25"),"&","%26")," ","%20"),Pengaturan!$B$3&"?to="&SUBSTITUTE(SUBSTITUTE(SUBSTITUTE(TRIM(A7),"%","%25"),"&","%26")," ","%20")) | D7: 089666946946 | E7: 📲 Kirim WA
A8: Daisy Astantia | C8: =HYPERLINK(Pengaturan!$B$3&"?to="&SUBSTITUTE(SUBSTITUTE(SUBSTITUTE(TRIM(A8),"%","%25"),"&","%26")," ","%20"),Pengaturan!$B$3&"?to="&SUBSTITUTE(SUBSTITUTE(SUBSTITUTE(TRIM(A8),"%","%25"),"&","%26")," ","%20")) | D8: 085708570432 | E8: 📲 Kirim WA
A9: Deasy Sherdianty | C9: =HYPERLINK(Pengaturan!$B$3&"?to="&SUBSTITUTE(SUBSTITUTE(SUBSTITUTE(TRIM(A9),"%","%25"),"&","%26")," ","%20"),Pengaturan!$B$3&"?to="&SUBSTITUTE(SUBSTITUTE(SUBSTITUTE(TRIM(A9),"%","%25"),"&","%26")," ","%20")) | D9: 0816893134 | E9: 📲 Kirim WA
A10: Dian Megawati | C10: =HYPERLINK(Pengaturan!$B$3&"?to="&SUBSTITUTE(SUBSTITUTE(SUBSTITUTE(TRIM(A10),"%","%25"),"&","%26")," ","%20"),Pengaturan!$B$3&"?to="&SUBSTITUTE(SUBSTITUTE(SUBSTITUTE(TRIM(A10),"%","%25"),"&","%26")," ","%20")) | D10: 087809111701 | E10: 📲 Kirim WA
A11: Dicki Rinaldi | C11: =HYPERLINK(Pengaturan!$B$3&"?to="&SUBSTITUTE(SUBSTITUTE(SUBSTITUTE(TRIM(A11),"%","%25"),"&","%26")," ","%20"),Pengaturan!$B$3&"?to="&SUBSTITUTE(SUBSTITUTE(SUBSTITUTE(TRIM(A11),"%","%25"),"&","%26")," ","%20")) | D11: 0817617651 | E11: 📲 Kirim WA
A12: Dimas Rizqi Dwiaji | C12: =HYPERLINK(Pengaturan!$B$3&"?to="&SUBSTITUTE(SUBSTITUTE(SUBSTITUTE(TRIM(A12),"%","%25"),"&","%26")," ","%20"),Pengaturan!$B$3&"?to="&SUBSTITUTE(SUBSTITUTE(SUBSTITUTE(TRIM(A12),"%","%25"),"&","%26")," ","%20")) | D12: 085782854355 | E12: 📲 Kirim WA
A13: Fatchurrosy | C13: =HYPERLINK(Pengaturan!$B$3&"?to="&SUBSTITUTE(SUBSTITUTE(SUBSTITUTE(TRIM(A13),"%","%25"),"&","%26")," ","%20"),Pengaturan!$B$3&"?to="&SUBSTITUTE(SUBSTITUTE(SUBSTITUTE(TRIM(A13),"%","%25"),"&","%26")," ","%20")) | D13: 082277215587 | E13: 📲 Kirim WA
A14: Friska Uli Junita Astuty Sianturi | C14: =HYPERLINK(Pengaturan!$B$3&"?to="&SUBSTITUTE(SUBSTITUTE(SUBSTITUTE(TRIM(A14),"%","%25"),"&","%26")," ","%20"),Pengaturan!$B$3&"?to="&SUBSTITUTE(SUBSTITUTE(SUBSTITUTE(TRIM(A14),"%","%25"),"&","%26")," ","%20")) | D14: 081280995706 | E14: 📲 Kirim WA
A15: Hermansyah | C15: =HYPERLINK(Pengaturan!$B$3&"?to="&SUBSTITUTE(SUBSTITUTE(SUBSTITUTE(TRIM(A15),"%","%25"),"&","%26")," ","%20"),Pengaturan!$B$3&"?to="&SUBSTITUTE(SUBSTITUTE(SUBSTITUTE(TRIM(A15),"%","%25"),"&","%26")," ","%20")) | D15: 085315440806 | E15: 📲 Kirim WA
... A21: Wahyudin | C21: =HYPERLINK(Pengaturan!$B$3&"?to="&SUBSTITUTE(SUBSTITUTE(SUBSTITUTE(TRIM(A21),"%","%25"),"&","%26")," ","%20"),Pengaturan!$B$3&"?to="&SUBSTITUTE(SUBSTITUTE(SUBSTITUTE(TRIM(A21),"%","%25"),"&","%26")," ","%20")) | D21: 087880780971 | E21: 📲 Kirim WA
A22: Yuli Suryani | B22: Bagian Pemindahtanganan, Pemusnahan, dan Penghapusan BMN | C22: =HYPERLINK(Pengaturan!$B$3&"?to="&SUBSTITUTE(SUBSTITUTE(SUBSTITUTE(TRIM(A22),"%","%25"),"&","%26")," ","%20"),Pengaturan!$B$3&"?to="&SUBSTITUTE(SUBSTITUTE(SUBSTITUTE(TRIM(A22),"%","%25"),"&","%26")," ","%20")) | D22: 081218828293 | E22: 📲 Kirim WA
A23: Agus Prayoga | C23: =HYPERLINK(Pengaturan!$B$3&"?to="&SUBSTITUTE(SUBSTITUTE(SUBSTITUTE(TRIM(A23),"%","%25"),"&","%26")," ","%20"),Pengaturan!$B$3&"?to="&SUBSTITUTE(SUBSTITUTE(SUBSTITUTE(TRIM(A23),"%","%25"),"&","%26")," ","%20")) | D23: 081385101151 | E23: 📲 Kirim WA
A24: Beny Rudianto | C24: =HYPERLINK(Pengaturan!$B$3&"?to="&SUBSTITUTE(SUBSTITUTE(SUBSTITUTE(TRIM(A24),"%","%25"),"&","%26")," ","%20"),Pengaturan!$B$3&"?to="&SUBSTITUTE(SUBSTITUTE(SUBSTITUTE(TRIM(A24),"%","%25"),"&","%26")," ","%20")) | D24: 089682257774 | E24: 📲 Kirim WA
A25: Carlos Tua March Siburian | C25: =HYPERLINK(Pengaturan!$B$3&"?to="&SUBSTITUTE(SUBSTITUTE(SUBSTITUTE(TRIM(A25),"%","%25"),"&","%26")," ","%20"),Pengaturan!$B$3&"?to="&SUBSTITUTE(SUBSTITUTE(SUBSTITUTE(TRIM(A25),"%","%25"),"&","%26")," ","%20")) | D25: 082170563492 | E25: 📲 Kirim WA
A26: Dawiyah | C26: =HYPERLINK(Pengaturan!$B$3&"?to="&SUBSTITUTE(SUBSTITUTE(SUBSTITUTE(TRIM(A26),"%","%25"),"&","%26")," ","%20"),Pengaturan!$B$3&"?to="&SUBSTITUTE(SUBSTITUTE(SUBSTITUTE(TRIM(A26),"%","%25"),"&","%26")," ","%20")) | D26: 085223264491 | E26: 📲 Kirim WA
A27: Fajar Nugraha | C27: =HYPERLINK(Pengaturan!$B$3&"?to="&SUBSTITUTE(SUBSTITUTE(SUBSTITUTE(TRIM(A27),"%","%25"),"&","%26")," ","%20"),Pengaturan!$B$3&"?to="&SUBSTITUTE(SUBSTITUTE(SUBSTITUTE(TRIM(A27),"%","%25"),"&","%26")," ","%20")) | D27: 082126789713 | E27: 📲 Kirim WA
A28: Hafizh Zaghlul Rizal | C28: =HYPERLINK(Pengaturan!$B$3&"?to="&SUBSTITUTE(SUBSTITUTE(SUBSTITUTE(TRIM(A28),"%","%25"),"&","%26")," ","%20"),Pengaturan!$B$3&"?to="&SUBSTITUTE(SUBSTITUTE(SUBSTITUTE(TRIM(A28),"%","%25"),"&","%26")," ","%20")) | D28: 089505724068 | E28: 📲 Kirim WA
A29: Hendri Febrianto | C29: =HYPERLINK(Pengaturan!$B$3&"?to="&SUBSTITUTE(SUBSTITUTE(SUBSTITUTE(TRIM(A29),"%","%25"),"&","%26")," ","%20"),Pengaturan!$B$3&"?to="&SUBSTITUTE(SUBSTITUTE(SUBSTITUTE(TRIM(A29),"%","%25"),"&","%26")," ","%20")) | D29: 081395863943 | E29: 📲 Kirim WA
A30: Hutamaning Margo Raharjo | C30: =HYPERLINK(Pengaturan!$B$3&"?to="&SUBSTITUTE(SUBSTITUTE(SUBSTITUTE(TRIM(A30),"%","%25"),"&","%26")," ","%20"),Pengaturan!$B$3&"?to="&SUBSTITUTE(SUBSTITUTE(SUBSTITUTE(TRIM(A30),"%","%25"),"&","%26")," ","%20")) | D30: 08123381961 | E30: 📲 Kirim WA
A31: Isabela Reksa Dini | C31: =HYPERLINK(Pengaturan!$B$3&"?to="&SUBSTITUTE(SUBSTITUTE(SUBSTITUTE(TRIM(A31),"%","%25"),"&","%26")," ","%20"),Pengaturan!$B$3&"?to="&SUBSTITUTE(SUBSTITUTE(SUBSTITUTE(TRIM(A31),"%","%25"),"&","%26")," ","%20")) | D31: 085225191119 | E31: 📲 Kirim WA
A32: Lia Yulianti | C32: =HYPERLINK(Pengaturan!$B$3&"?to="&SUBSTITUTE(SUBSTITUTE(SUBSTITUTE(TRIM(A32),"%","%25"),"&","%26")," ","%20"),Pengaturan!$B$3&"?to="&SUBSTITUTE(SUBSTITUTE(SUBSTITUTE(TRIM(A32),"%","%25"),"&","%26")," ","%20")) | D32: 081321120878 | E32: 📲 Kirim WA
A33: Nail Rizqi Afwanadli Purba | C33: =HYPERLINK(Pengaturan!$B$3&"?to="&SUBSTITUTE(SUBSTITUTE(SUBSTITUTE(TRIM(A33),"%","%25"),"&","%26")," ","%20"),Pengaturan!$B$3&"?to="&SUBSTITUTE(SUBSTITUTE(SUBSTITUTE(TRIM(A33),"%","%25"),"&","%26")," ","%20")) | D33: 08567898758 | E33: 📲 Kirim WA
A34: Rayi Setyaningsih | C34: =HYPERLINK(Pengaturan!$B$3&"?to="&SUBSTITUTE(SUBSTITUTE(SUBSTITUTE(TRIM(A34),"%","%25"),"&","%26")," ","%20"),Pengaturan!$B$3&"?to="&SUBSTITUTE(SUBSTITUTE(SUBSTITUTE(TRIM(A34),"%","%25"),"&","%26")," ","%20")) | D34: 08158020738 | E34: 📲 Kirim WA
... A38: Yujiyono | C38: =HYPERLINK(Pengaturan!$B$3&"?to="&SUBSTITUTE(SUBSTITUTE(SUBSTITUTE(TRIM(A38),"%","%25"),"&","%26")," ","%20"),Pengaturan!$B$3&"?to="&SUBSTITUTE(SUBSTITUTE(SUBSTITUTE(TRIM(A38),"%","%25"),"&","%26")," ","%20")) | D38: 087785622219 | E38: 📲 Kirim WA
A39: Gamal Maulian | B39: Bagian Penatausahaan, Penggunaan, dan RKBMN | C39: =HYPERLINK(Pengaturan!$B$3&"?to="&SUBSTITUTE(SUBSTITUTE(SUBSTITUTE(TRIM(A39),"%","%25"),"&","%26")," ","%20"),Pengaturan!$B$3&"?to="&SUBSTITUTE(SUBSTITUTE(SUBSTITUTE(TRIM(A39),"%","%25"),"&","%26")," ","%20")) | D39: 085624939362 | E39: 📲 Kirim WA
A40: Afiifah Eka Prastiyani | C40: =HYPERLINK(Pengaturan!$B$3&"?to="&SUBSTITUTE(SUBSTITUTE(SUBSTITUTE(TRIM(A40),"%","%25"),"&","%26")," ","%20"),Pengaturan!$B$3&"?to="&SUBSTITUTE(SUBSTITUTE(SUBSTITUTE(TRIM(A40),"%","%25"),"&","%26")," ","%20")) | D40: 082137071163 | E40: 📲 Kirim WA
A41: Ahmad Maulana | C41: =HYPERLINK(Pengaturan!$B$3&"?to="&SUBSTITUTE(SUBSTITUTE(SUBSTITUTE(TRIM(A41),"%","%25"),"&","%26")," ","%20"),Pengaturan!$B$3&"?to="&SUBSTITUTE(SUBSTITUTE(SUBSTITUTE(TRIM(A41),"%","%25"),"&","%26")," ","%20")) | D41: 085692422071 | E41: 📲 Kirim WA
A42: Ahmad Zaki | C42: =HYPERLINK(Pengaturan!$B$3&"?to="&SUBSTITUTE(SUBSTITUTE(SUBSTITUTE(TRIM(A42),"%","%25"),"&","%26")," ","%20"),Pengaturan!$B$3&"?to="&SUBSTITUTE(SUBSTITUTE(SUBSTITUTE(TRIM(A42),"%","%25"),"&","%26")," ","%20")) | D42: 081217785737 | E42: 📲 Kirim WA
A43: Amir Husein Sarumpaet | C43: =HYPERLINK(Pengaturan!$B$3&"?to="&SUBSTITUTE(SUBSTITUTE(SUBSTITUTE(TRIM(A43),"%","%25"),"&","%26")," ","%20"),Pengaturan!$B$3&"?to="&SUBSTITUTE(SUBSTITUTE(SUBSTITUTE(TRIM(A43),"%","%25"),"&","%26")," ","%20")) | D43: 082370918686 | E43: 📲 Kirim WA
A44: Dita Solihati | C44: =HYPERLINK(Pengaturan!$B$3&"?to="&SUBSTITUTE(SUBSTITUTE(SUBSTITUTE(TRIM(A44),"%","%25"),"&","%26")," ","%20"),Pengaturan!$B$3&"?to="&SUBSTITUTE(SUBSTITUTE(SUBSTITUTE(TRIM(A44),"%","%25"),"&","%26")," ","%20")) | D44: 0895384198186 | E44: 📲 Kirim WA
A45: Fakhri Jauhari Patria | C45: =HYPERLINK(Pengaturan!$B$3&"?to="&SUBSTITUTE(SUBSTITUTE(SUBSTITUTE(TRIM(A45),"%","%25"),"&","%26")," ","%20"),Pengaturan!$B$3&"?to="&SUBSTITUTE(SUBSTITUTE(SUBSTITUTE(TRIM(A45),"%","%25"),"&","%26")," ","%20")) | D45: 085274060101 | E45: 📲 Kirim WA
A46: Gd Arya Mahendra Putra | C46: =HYPERLINK(Pengaturan!$B$3&"?to="&SUBSTITUTE(SUBSTITUTE(SUBSTITUTE(TRIM(A46),"%","%25"),"&","%26")," ","%20"),Pengaturan!$B$3&"?to="&SUBSTITUTE(SUBSTITUTE(SUBSTITUTE(TRIM(A46),"%","%25"),"&","%26")," ","%20")) | D46: 082125155515 | E46: 📲 Kirim WA
A47: Hilal Hasbiallah | C47: =HYPERLINK(Pengaturan!$B$3&"?to="&SUBSTITUTE(SUBSTITUTE(SUBSTITUTE(TRIM(A47),"%","%25"),"&","%26")," ","%20"),Pengaturan!$B$3&"?to="&SUBSTITUTE(SUBSTITUTE(SUBSTITUTE(TRIM(A47),"%","%25"),"&","%26")," ","%20")) | D47: 081315041686 | E47: 📲 Kirim WA
A48: Monika Widiyana | C48: =HYPERLINK(Pengaturan!$B$3&"?to="&SUBSTITUTE(SUBSTITUTE(SUBSTITUTE(TRIM(A48),"%","%25"),"&","%26")," ","%20"),Pengaturan!$B$3&"?to="&SUBSTITUTE(SUBSTITUTE(SUBSTITUTE(TRIM(A48),"%","%25"),"&","%26")," ","%20")) | D48: 081314291276 | E48: 📲 Kirim WA
A49: Nanda Muliaanra | C49: =HYPERLINK(Pengaturan!$B$3&"?to="&SUBSTITUTE(SUBSTITUTE(SUBSTITUTE(TRIM(A49),"%","%25"),"&","%26")," ","%20"),Pengaturan!$B$3&"?to="&SUBSTITUTE(SUBSTITUTE(SUBSTITUTE(TRIM(A49),"%","%25"),"&","%26")," ","%20")) | D49: 085263355366 | E49: 📲 Kirim WA
A50: Olivia Damarani | C50: =HYPERLINK(Pengaturan!$B$3&"?to="&SUBSTITUTE(SUBSTITUTE(SUBSTITUTE(TRIM(A50),"%","%25"),"&","%26")," ","%20"),Pengaturan!$B$3&"?to="&SUBSTITUTE(SUBSTITUTE(SUBSTITUTE(TRIM(A50),"%","%25"),"&","%26")," ","%20")) | D50: 08179956388 | E50: 📲 Kirim WA
A51: Risky Miandi Nabila | C51: =HYPERLINK(Pengaturan!$B$3&"?to="&SUBSTITUTE(SUBSTITUTE(SUBSTITUTE(TRIM(A51),"%","%25"),"&","%26")," ","%20"),Pengaturan!$B$3&"?to="&SUBSTITUTE(SUBSTITUTE(SUBSTITUTE(TRIM(A51),"%","%25"),"&","%26")," ","%20")) | D51: 081513913381 | E51: 📲 Kirim WA
... A54: Syamsu Fadli Syakh | C54: =HYPERLINK(Pengaturan!$B$3&"?to="&SUBSTITUTE(SUBSTITUTE(SUBSTITUTE(TRIM(A54),"%","%25"),"&","%26")," ","%20"),Pengaturan!$B$3&"?to="&SUBSTITUTE(SUBSTITUTE(SUBSTITUTE(TRIM(A54),"%","%25"),"&","%26")," ","%20")) | D54: 081341102424 | E54: 📲 Kirim WA
A55: Indah Swastika Purnama Sari | B55: Bagian Pemantauan dan Pemulihan BMN | C55: =HYPERLINK(Pengaturan!$B$3&"?to="&SUBSTITUTE(SUBSTITUTE(SUBSTITUTE(TRIM(A55),"%","%25"),"&","%26")," ","%20"),Pengaturan!$B$3&"?to="&SUBSTITUTE(SUBSTITUTE(SUBSTITUTE(TRIM(A55),"%","%25"),"&","%26")," ","%20")) | D55: 082110904090 | E55: 📲 Kirim WA
A56: Abdjad Ariena Artanti | C56: =HYPERLINK(Pengaturan!$B$3&"?to="&SUBSTITUTE(SUBSTITUTE(SUBSTITUTE(TRIM(A56),"%","%25"),"&","%26")," ","%20"),Pengaturan!$B$3&"?to="&SUBSTITUTE(SUBSTITUTE(SUBSTITUTE(TRIM(A56),"%","%25"),"&","%26")," ","%20")) | D56: 087835422446 | E56: 📲 Kirim WA
A57: Aditya Putra | C57: =HYPERLINK(Pengaturan!$B$3&"?to="&SUBSTITUTE(SUBSTITUTE(SUBSTITUTE(TRIM(A57),"%","%25"),"&","%26")," ","%20"),Pengaturan!$B$3&"?to="&SUBSTITUTE(SUBSTITUTE(SUBSTITUTE(TRIM(A57),"%","%25"),"&","%26")," ","%20")) | D57: 085231404074 | E57: 📲 Kirim WA
A58: Aidil Ambya Zula | C58: =HYPERLINK(Pengaturan!$B$3&"?to="&SUBSTITUTE(SUBSTITUTE(SUBSTITUTE(TRIM(A58),"%","%25"),"&","%26")," ","%20"),Pengaturan!$B$3&"?to="&SUBSTITUTE(SUBSTITUTE(SUBSTITUTE(TRIM(A58),"%","%25"),"&","%26")," ","%20")) | D58: 082276020877 | E58: 📲 Kirim WA
A59: Alex Putra Pamungkas | C59: =HYPERLINK(Pengaturan!$B$3&"?to="&SUBSTITUTE(SUBSTITUTE(SUBSTITUTE(TRIM(A59),"%","%25"),"&","%26")," ","%20"),Pengaturan!$B$3&"?to="&SUBSTITUTE(SUBSTITUTE(SUBSTITUTE(TRIM(A59),"%","%25"),"&","%26")," ","%20")) | D59: 0895806460450 | E59: 📲 Kirim WA
A60: Anastasya Purnamasari | C60: =HYPERLINK(Pengaturan!$B$3&"?to="&SUBSTITUTE(SUBSTITUTE(SUBSTITUTE(TRIM(A60),"%","%25"),"&","%26")," ","%20"),Pengaturan!$B$3&"?to="&SUBSTITUTE(SUBSTITUTE(SUBSTITUTE(TRIM(A60),"%","%25"),"&","%26")," ","%20")) | D60: 081287645177 | E60: 📲 Kirim WA
A61: Andre Prasetya Chrisnaputra | C61: =HYPERLINK(Pengaturan!$B$3&"?to="&SUBSTITUTE(SUBSTITUTE(SUBSTITUTE(TRIM(A61),"%","%25"),"&","%26")," ","%20"),Pengaturan!$B$3&"?to="&SUBSTITUTE(SUBSTITUTE(SUBSTITUTE(TRIM(A61),"%","%25"),"&","%26")," ","%20")) | D61: 081382446064 | E61: 📲 Kirim WA
A62: Anindika Riska Intan Fauzy | C62: =HYPERLINK(Pengaturan!$B$3&"?to="&SUBSTITUTE(SUBSTITUTE(SUBSTITUTE(TRIM(A62),"%","%25"),"&","%26")," ","%20"),Pengaturan!$B$3&"?to="&SUBSTITUTE(SUBSTITUTE(SUBSTITUTE(TRIM(A62),"%","%25"),"&","%26")," ","%20")) | D62: 081225790098 | E62: 📲 Kirim WA
A63: Dicky Subagya Setiawan | C63: =HYPERLINK(Pengaturan!$B$3&"?to="&SUBSTITUTE(SUBSTITUTE(SUBSTITUTE(TRIM(A63),"%","%25"),"&","%26")," ","%20"),Pengaturan!$B$3&"?to="&SUBSTITUTE(SUBSTITUTE(SUBSTITUTE(TRIM(A63),"%","%25"),"&","%26")," ","%20")) | D63: 085715899019 | E63: 📲 Kirim WA
A64: Ikhsan | C64: =HYPERLINK(Pengaturan!$B$3&"?to="&SUBSTITUTE(SUBSTITUTE(SUBSTITUTE(TRIM(A64),"%","%25"),"&","%26")," ","%20"),Pengaturan!$B$3&"?to="&SUBSTITUTE(SUBSTITUTE(SUBSTITUTE(TRIM(A64),"%","%25"),"&","%26")," ","%20")) | D64: 082362675445 | E64: 📲 Kirim WA
A65: Juju Junaedi Sukron | C65: =HYPERLINK(Pengaturan!$B$3&"?to="&SUBSTITUTE(SUBSTITUTE(SUBSTITUTE(TRIM(A65),"%","%25"),"&","%26")," ","%20"),Pengaturan!$B$3&"?to="&SUBSTITUTE(SUBSTITUTE(SUBSTITUTE(TRIM(A65),"%","%25"),"&","%26")," ","%20")) | D65: 085222388086 | E65: 📲 Kirim WA
A66: Lucky Aji Pramono | C66: =HYPERLINK(Pengaturan!$B$3&"?to="&SUBSTITUTE(SUBSTITUTE(SUBSTITUTE(TRIM(A66),"%","%25"),"&","%26")," ","%20"),Pengaturan!$B$3&"?to="&SUBSTITUTE(SUBSTITUTE(SUBSTITUTE(TRIM(A66),"%","%25"),"&","%26")," ","%20")) | D66: 081585551119 | E66: 📲 Kirim WA
A67: Lukman Hakim | C67: =HYPERLINK(Pengaturan!$B$3&"?to="&SUBSTITUTE(SUBSTITUTE(SUBSTITUTE(TRIM(A67),"%","%25"),"&","%26")," ","%20"),Pengaturan!$B$3&"?to="&SUBSTITUTE(SUBSTITUTE(SUBSTITUTE(TRIM(A67),"%","%25"),"&","%26")," ","%20")) | D67: 083815671797 | E67: 📲 Kirim WA
... A72: Zainal Malik | C72: =HYPERLINK(Pengaturan!$B$3&"?to="&SUBSTITUTE(SUBSTITUTE(SUBSTITUTE(TRIM(A72),"%","%25"),"&","%26")," ","%20"),Pengaturan!$B$3&"?to="&SUBSTITUTE(SUBSTITUTE(SUBSTITUTE(TRIM(A72),"%","%25"),"&","%26")," ","%20")) | D72: 087886371711 | E72: 📲 Kirim WA
A73: Suriyansyah | B73: Bagian Pemanfaatan dan Pengamanan BMN | C73: =HYPERLINK(Pengaturan!$B$3&"?to="&SUBSTITUTE(SUBSTITUTE(SUBSTITUTE(TRIM(A73),"%","%25"),"&","%26")," ","%20"),Pengaturan!$B$3&"?to="&SUBSTITUTE(SUBSTITUTE(SUBSTITUTE(TRIM(A73),"%","%25"),"&","%26")," ","%20")) | D73: 081376511978 | E73: 📲 Kirim WA
A74: Alfonsus Advent Noto Wicaksono | C74: =HYPERLINK(Pengaturan!$B$3&"?to="&SUBSTITUTE(SUBSTITUTE(SUBSTITUTE(TRIM(A74),"%","%25"),"&","%26")," ","%20"),Pengaturan!$B$3&"?to="&SUBSTITUTE(SUBSTITUTE(SUBSTITUTE(TRIM(A74),"%","%25"),"&","%26")," ","%20")) | D74: 087836302156 | E74: 📲 Kirim WA
A75: Anggie Nirmalani | C75: =HYPERLINK(Pengaturan!$B$3&"?to="&SUBSTITUTE(SUBSTITUTE(SUBSTITUTE(TRIM(A75),"%","%25"),"&","%26")," ","%20"),Pengaturan!$B$3&"?to="&SUBSTITUTE(SUBSTITUTE(SUBSTITUTE(TRIM(A75),"%","%25"),"&","%26")," ","%20")) | D75: 081311000650 | E75: 📲 Kirim WA
A76: Arif Sudrajat | C76: =HYPERLINK(Pengaturan!$B$3&"?to="&SUBSTITUTE(SUBSTITUTE(SUBSTITUTE(TRIM(A76),"%","%25"),"&","%26")," ","%20"),Pengaturan!$B$3&"?to="&SUBSTITUTE(SUBSTITUTE(SUBSTITUTE(TRIM(A76),"%","%25"),"&","%26")," ","%20")) | D76: 082123284844 | E76: 📲 Kirim WA
A77: Athifa Fajri Fahmawati | C77: =HYPERLINK(Pengaturan!$B$3&"?to="&SUBSTITUTE(SUBSTITUTE(SUBSTITUTE(TRIM(A77),"%","%25"),"&","%26")," ","%20"),Pengaturan!$B$3&"?to="&SUBSTITUTE(SUBSTITUTE(SUBSTITUTE(TRIM(A77),"%","%25"),"&","%26")," ","%20")) | D77: 082148782565 | E77: 📲 Kirim WA
A78: Burhanudin | C78: =HYPERLINK(Pengaturan!$B$3&"?to="&SUBSTITUTE(SUBSTITUTE(SUBSTITUTE(TRIM(A78),"%","%25"),"&","%26")," ","%20"),Pengaturan!$B$3&"?to="&SUBSTITUTE(SUBSTITUTE(SUBSTITUTE(TRIM(A78),"%","%25"),"&","%26")," ","%20")) | D78: 087878057563 | E78: 📲 Kirim WA
A79: Cahyadi | C79: =HYPERLINK(Pengaturan!$B$3&"?to="&SUBSTITUTE(SUBSTITUTE(SUBSTITUTE(TRIM(A79),"%","%25"),"&","%26")," ","%20"),Pengaturan!$B$3&"?to="&SUBSTITUTE(SUBSTITUTE(SUBSTITUTE(TRIM(A79),"%","%25"),"&","%26")," ","%20")) | D79: 081381033868 | E79: 📲 Kirim WA
A80: Dina Probosari | C80: =HYPERLINK(Pengaturan!$B$3&"?to="&SUBSTITUTE(SUBSTITUTE(SUBSTITUTE(TRIM(A80),"%","%25"),"&","%26")," ","%20"),Pengaturan!$B$3&"?to="&SUBSTITUTE(SUBSTITUTE(SUBSTITUTE(TRIM(A80),"%","%25"),"&","%26")," ","%20")) | D80: 082268059757 | E80: 📲 Kirim WA
A81: Endi | C81: =HYPERLINK(Pengaturan!$B$3&"?to="&SUBSTITUTE(SUBSTITUTE(SUBSTITUTE(TRIM(A81),"%","%25"),"&","%26")," ","%20"),Pengaturan!$B$3&"?to="&SUBSTITUTE(SUBSTITUTE(SUBSTITUTE(TRIM(A81),"%","%25"),"&","%26")," ","%20")) | D81: 089654406786 | E81: 📲 Kirim WA
A82: Fatoni | C82: =HYPERLINK(Pengaturan!$B$3&"?to="&SUBSTITUTE(SUBSTITUTE(SUBSTITUTE(TRIM(A82),"%","%25"),"&","%26")," ","%20"),Pengaturan!$B$3&"?to="&SUBSTITUTE(SUBSTITUTE(SUBSTITUTE(TRIM(A82),"%","%25"),"&","%26")," ","%20")) | D82: 087772221574 | E82: 📲 Kirim WA
A83: Meidiva Amanda | C83: =HYPERLINK(Pengaturan!$B$3&"?to="&SUBSTITUTE(SUBSTITUTE(SUBSTITUTE(TRIM(A83),"%","%25"),"&","%26")," ","%20"),Pengaturan!$B$3&"?to="&SUBSTITUTE(SUBSTITUTE(SUBSTITUTE(TRIM(A83),"%","%25"),"&","%26")," ","%20")) | D83: 081318657046 | E83: 📲 Kirim WA
A84: Muhammad Ichsan Diandra | C84: =HYPERLINK(Pengaturan!$B$3&"?to="&SUBSTITUTE(SUBSTITUTE(SUBSTITUTE(TRIM(A84),"%","%25"),"&","%26")," ","%20"),Pengaturan!$B$3&"?to="&SUBSTITUTE(SUBSTITUTE(SUBSTITUTE(TRIM(A84),"%","%25"),"&","%26")," ","%20")) | D84: 082285019895 | E84: 📲 Kirim WA
A85: Nuryani | C85: =HYPERLINK(Pengaturan!$B$3&"?to="&SUBSTITUTE(SUBSTITUTE(SUBSTITUTE(TRIM(A85),"%","%25"),"&","%26")," ","%20"),Pengaturan!$B$3&"?to="&SUBSTITUTE(SUBSTITUTE(SUBSTITUTE(TRIM(A85),"%","%25"),"&","%26")," ","%20")) | D85: 081210457953 | E85: 📲 Kirim WA
... A88: Yogi Darmawan | C88: =HYPERLINK(Pengaturan!$B$3&"?to="&SUBSTITUTE(SUBSTITUTE(SUBSTITUTE(TRIM(A88),"%","%25"),"&","%26")," ","%20"),Pengaturan!$B$3&"?to="&SUBSTITUTE(SUBSTITUTE(SUBSTITUTE(TRIM(A88),"%","%25"),"&","%26")," ","%20")) | D88: 081290004802 | E88: 📲 Kirim WA
A89: Ahmad Hidayat | B89: UPCA & Pracetak | C89: =HYPERLINK(Pengaturan!$B$3&"?to="&SUBSTITUTE(SUBSTITUTE(SUBSTITUTE(TRIM(A89),"%","%25"),"&","%26")," ","%20"),Pengaturan!$B$3&"?to="&SUBSTITUTE(SUBSTITUTE(SUBSTITUTE(TRIM(A89),"%","%25"),"&","%26")," ","%20")) | D89: 082176161677 | E89: 📲 Kirim WA
A90: Anton Sahroni | C90: =HYPERLINK(Pengaturan!$B$3&"?to="&SUBSTITUTE(SUBSTITUTE(SUBSTITUTE(TRIM(A90),"%","%25"),"&","%26")," ","%20"),Pengaturan!$B$3&"?to="&SUBSTITUTE(SUBSTITUTE(SUBSTITUTE(TRIM(A90),"%","%25"),"&","%26")," ","%20")) | D90: 082119124227 | E90: 📲 Kirim WA
A91: Apep Kurnia | C91: =HYPERLINK(Pengaturan!$B$3&"?to="&SUBSTITUTE(SUBSTITUTE(SUBSTITUTE(TRIM(A91),"%","%25"),"&","%26")," ","%20"),Pengaturan!$B$3&"?to="&SUBSTITUTE(SUBSTITUTE(SUBSTITUTE(TRIM(A91),"%","%25"),"&","%26")," ","%20")) | D91: 085224653372 | E91: 📲 Kirim WA
A92: Asep Rukmana | C92: =HYPERLINK(Pengaturan!$B$3&"?to="&SUBSTITUTE(SUBSTITUTE(SUBSTITUTE(TRIM(A92),"%","%25"),"&","%26")," ","%20"),Pengaturan!$B$3&"?to="&SUBSTITUTE(SUBSTITUTE(SUBSTITUTE(TRIM(A92),"%","%25"),"&","%26")," ","%20")) | D92: 085280436090 | E92: 📲 Kirim WA
A93: Basli Rahim | C93: =HYPERLINK(Pengaturan!$B$3&"?to="&SUBSTITUTE(SUBSTITUTE(SUBSTITUTE(TRIM(A93),"%","%25"),"&","%26")," ","%20"),Pengaturan!$B$3&"?to="&SUBSTITUTE(SUBSTITUTE(SUBSTITUTE(TRIM(A93),"%","%25"),"&","%26")," ","%20")) | D93: 081222948800 | E93: 📲 Kirim WA
A94: Budi Rismanto | C94: =HYPERLINK(Pengaturan!$B$3&"?to="&SUBSTITUTE(SUBSTITUTE(SUBSTITUTE(TRIM(A94),"%","%25"),"&","%26")," ","%20"),Pengaturan!$B$3&"?to="&SUBSTITUTE(SUBSTITUTE(SUBSTITUTE(TRIM(A94),"%","%25"),"&","%26")," ","%20")) | D94: 082120124668 | E94: 📲 Kirim WA
A95: Didi Krispiantoro | C95: =HYPERLINK(Pengaturan!$B$3&"?to="&SUBSTITUTE(SUBSTITUTE(SUBSTITUTE(TRIM(A95),"%","%25"),"&","%26")," ","%20"),Pengaturan!$B$3&"?to="&SUBSTITUTE(SUBSTITUTE(SUBSTITUTE(TRIM(A95),"%","%25"),"&","%26")," ","%20")) | D95: 085332999166 | E95: 📲 Kirim WA
A96: Diki Fuad Mansyur | C96: =HYPERLINK(Pengaturan!$B$3&"?to="&SUBSTITUTE(SUBSTITUTE(SUBSTITUTE(TRIM(A96),"%","%25"),"&","%26")," ","%20"),Pengaturan!$B$3&"?to="&SUBSTITUTE(SUBSTITUTE(SUBSTITUTE(TRIM(A96),"%","%25"),"&","%26")," ","%20")) | D96: 081322160434 | E96: 📲 Kirim WA
A97: Dwi Artanto | C97: =HYPERLINK(Pengaturan!$B$3&"?to="&SUBSTITUTE(SUBSTITUTE(SUBSTITUTE(TRIM(A97),"%","%25"),"&","%26")," ","%20"),Pengaturan!$B$3&"?to="&SUBSTITUTE(SUBSTITUTE(SUBSTITUTE(TRIM(A97),"%","%25"),"&","%26")," ","%20")) | D97: 081346443054 | E97: 📲 Kirim WA
A98: Hendri Suryandaru | C98: =HYPERLINK(Pengaturan!$B$3&"?to="&SUBSTITUTE(SUBSTITUTE(SUBSTITUTE(TRIM(A98),"%","%25"),"&","%26")," ","%20"),Pengaturan!$B$3&"?to="&SUBSTITUTE(SUBSTITUTE(SUBSTITUTE(TRIM(A98),"%","%25"),"&","%26")," ","%20")) | D98: 081321650829 | E98: 📲 Kirim WA
A99: Iskandar | C99: =HYPERLINK(Pengaturan!$B$3&"?to="&SUBSTITUTE(SUBSTITUTE(SUBSTITUTE(TRIM(A99),"%","%25"),"&","%26")," ","%20"),Pengaturan!$B$3&"?to="&SUBSTITUTE(SUBSTITUTE(SUBSTITUTE(TRIM(A99),"%","%25"),"&","%26")," ","%20")) | D99: 081269066001 | E99: 📲 Kirim WA
A100: Ismail | C100: =HYPERLINK(Pengaturan!$B$3&"?to="&SUBSTITUTE(SUBSTITUTE(SUBSTITUTE(TRIM(A100),"%","%25"),"&","%26")," ","%20"),Pengaturan!$B$3&"?to="&SUBSTITUTE(SUBSTITUTE(SUBSTITUTE(TRIM(A100),"%","%25"),"&","%26")," ","%20")) | D100: 085266754800 | E100: 📲 Kirim WA
A101: Karyidi | C101: =HYPERLINK(Pengaturan!$B$3&"?to="&SUBSTITUTE(SUBSTITUTE(SUBSTITUTE(TRIM(A101),"%","%25"),"&","%26")," ","%20"),Pengaturan!$B$3&"?to="&SUBSTITUTE(SUBSTITUTE(SUBSTITUTE(TRIM(A101),"%","%25"),"&","%26")," ","%20")) | D101: 089664347222 | E101: 📲 Kirim WA
... A107: Zulkifli Tjatjo | C107: =HYPERLINK(Pengaturan!$B$3&"?to="&SUBSTITUTE(SUBSTITUTE(SUBSTITUTE(TRIM(A107),"%","%25"),"&","%26")," ","%20"),Pengaturan!$B$3&"?to="&SUBSTITUTE(SUBSTITUTE(SUBSTITUTE(TRIM(A107),"%","%25"),"&","%26")," ","%20")) | D107: 082311574770 | E107: 📲 Kirim WA
A108: Dadi Widya Pratama | B108: Pengelolaan Wisma | C108: =HYPERLINK(Pengaturan!$B$3&"?to="&SUBSTITUTE(SUBSTITUTE(SUBSTITUTE(TRIM(A108),"%","%25"),"&","%26")," ","%20"),Pengaturan!$B$3&"?to="&SUBSTITUTE(SUBSTITUTE(SUBSTITUTE(TRIM(A108),"%","%25"),"&","%26")," ","%20")) | D108: 081221630208 | E108: 📲 Kirim WA
A109: A. A. Ayu Teni Pratiwi | C109: =HYPERLINK(Pengaturan!$B$3&"?to="&SUBSTITUTE(SUBSTITUTE(SUBSTITUTE(TRIM(A109),"%","%25"),"&","%26")," ","%20"),Pengaturan!$B$3&"?to="&SUBSTITUTE(SUBSTITUTE(SUBSTITUTE(TRIM(A109),"%","%25"),"&","%26")," ","%20")) | D109: 087857109771 | E109: 📲 Kirim WA
A110: Ahmad Yani | C110: =HYPERLINK(Pengaturan!$B$3&"?to="&SUBSTITUTE(SUBSTITUTE(SUBSTITUTE(TRIM(A110),"%","%25"),"&","%26")," ","%20"),Pengaturan!$B$3&"?to="&SUBSTITUTE(SUBSTITUTE(SUBSTITUTE(TRIM(A110),"%","%25"),"&","%26")," ","%20")) | D110: 085238885781 | E110: 📲 Kirim WA
A111: Akbar Hidayat | C111: =HYPERLINK(Pengaturan!$B$3&"?to="&SUBSTITUTE(SUBSTITUTE(SUBSTITUTE(TRIM(A111),"%","%25"),"&","%26")," ","%20"),Pengaturan!$B$3&"?to="&SUBSTITUTE(SUBSTITUTE(SUBSTITUTE(TRIM(A111),"%","%25"),"&","%26")," ","%20")) | D111: 081239880960 | E111: 📲 Kirim WA
A112: Aloysius Roja | C112: =HYPERLINK(Pengaturan!$B$3&"?to="&SUBSTITUTE(SUBSTITUTE(SUBSTITUTE(TRIM(A112),"%","%25"),"&","%26")," ","%20"),Pengaturan!$B$3&"?to="&SUBSTITUTE(SUBSTITUTE(SUBSTITUTE(TRIM(A112),"%","%25"),"&","%26")," ","%20")) | D112: 085707296883 | E112: 📲 Kirim WA
A113: Anak Agung Arimbawa | C113: =HYPERLINK(Pengaturan!$B$3&"?to="&SUBSTITUTE(SUBSTITUTE(SUBSTITUTE(TRIM(A113),"%","%25"),"&","%26")," ","%20"),Pengaturan!$B$3&"?to="&SUBSTITUTE(SUBSTITUTE(SUBSTITUTE(TRIM(A113),"%","%25"),"&","%26")," ","%20")) | D113: 081237745673 | E113: 📲 Kirim WA
A114: Anjar Purwati | C114: =HYPERLINK(Pengaturan!$B$3&"?to="&SUBSTITUTE(SUBSTITUTE(SUBSTITUTE(TRIM(A114),"%","%25"),"&","%26")," ","%20"),Pengaturan!$B$3&"?to="&SUBSTITUTE(SUBSTITUTE(SUBSTITUTE(TRIM(A114),"%","%25"),"&","%26")," ","%20")) | D114: 085210079973 | E114: 📲 Kirim WA
A115: Ary Sandiarto | C115: =HYPERLINK(Pengaturan!$B$3&"?to="&SUBSTITUTE(SUBSTITUTE(SUBSTITUTE(TRIM(A115),"%","%25"),"&","%26")," ","%20"),Pengaturan!$B$3&"?to="&SUBSTITUTE(SUBSTITUTE(SUBSTITUTE(TRIM(A115),"%","%25"),"&","%26")," ","%20")) | D115: 081338697318 | E115: 📲 Kirim WA
A116: Bayu Prasetyo Putro | C116: =HYPERLINK(Pengaturan!$B$3&"?to="&SUBSTITUTE(SUBSTITUTE(SUBSTITUTE(TRIM(A116),"%","%25"),"&","%26")," ","%20"),Pengaturan!$B$3&"?to="&SUBSTITUTE(SUBSTITUTE(SUBSTITUTE(TRIM(A116),"%","%25"),"&","%26")," ","%20")) | D116: 087870404655 | E116: 📲 Kirim WA
A117: Cok. Istri Priska Mitasari | C117: =HYPERLINK(Pengaturan!$B$3&"?to="&SUBSTITUTE(SUBSTITUTE(SUBSTITUTE(TRIM(A117),"%","%25"),"&","%26")," ","%20"),Pengaturan!$B$3&"?to="&SUBSTITUTE(SUBSTITUTE(SUBSTITUTE(TRIM(A117),"%","%25"),"&","%26")," ","%20")) | D117: 082236825324 | E117: 📲 Kirim WA
A118: Dicky Fazery Anantha | C118: =HYPERLINK(Pengaturan!$B$3&"?to="&SUBSTITUTE(SUBSTITUTE(SUBSTITUTE(TRIM(A118),"%","%25"),"&","%26")," ","%20"),Pengaturan!$B$3&"?to="&SUBSTITUTE(SUBSTITUTE(SUBSTITUTE(TRIM(A118),"%","%25"),"&","%26")," ","%20")) | D118: 081246966209 | E118: 📲 Kirim WA
A119: Eka Widya Maya Sari | C119: =HYPERLINK(Pengaturan!$B$3&"?to="&SUBSTITUTE(SUBSTITUTE(SUBSTITUTE(TRIM(A119),"%","%25"),"&","%26")," ","%20"),Pengaturan!$B$3&"?to="&SUBSTITUTE(SUBSTITUTE(SUBSTITUTE(TRIM(A119),"%","%25"),"&","%26")," ","%20")) | D119: 087861681005 | E119: 📲 Kirim WA
A120: Gd. Darmayasa | C120: =HYPERLINK(Pengaturan!$B$3&"?to="&SUBSTITUTE(SUBSTITUTE(SUBSTITUTE(TRIM(A120),"%","%25"),"&","%26")," ","%20"),Pengaturan!$B$3&"?to="&SUBSTITUTE(SUBSTITUTE(SUBSTITUTE(TRIM(A120),"%","%25"),"&","%26")," ","%20")) | D120: 085737360499 | E120: 📲 Kirim WA
... A203: Yeti Kartika | C203: =HYPERLINK(Pengaturan!$B$3&"?to="&SUBSTITUTE(SUBSTITUTE(SUBSTITUTE(TRIM(A203),"%","%25"),"&","%26")," ","%20"),Pengaturan!$B$3&"?to="&SUBSTITUTE(SUBSTITUTE(SUBSTITUTE(TRIM(A203),"%","%25"),"&","%26")," ","%20")) | D203: 082147075365 | E203: 📲 Kirim WA

Sheet Pengaturan
A1: PENGATURAN LINK & PESAN
A2: Pengaturan | B2: Isi (sel kuning boleh diubah) | C2: Keterangan
A3: Alamat website undangan | B3: https://weddingditonike.vercel.app/ | C3: Ganti dengan alamat undangan di Vercel. Semua link di sheet Tamu ikut berubah otomatis.
A4: Template pesan WhatsApp | B4: Dengan hormat, Kepada Yth. Bapak/Ibu/Saudara/i *{NAMA}* Dengan penuh rasa syukur dan sukacita, kami bermaksud melangsungkan pernikahan: *Dito Alfarizi, S.Kom.* & *Nike Sri Maharani, A.Md.M.* 🗓 Minggu, 1 November 2026 🕘 Akad 09.00 WIB | Resepsi 12.00 WIB 📍 Nike Futsal, Kuala Namu, Deli Serdang Undangan lengkap: {LINK} Merupakan suatu kehormatan dan kebahagiaan bagi kami apabila Bapak/Ibu/Saudara/i berkenan hadir dan memberikan doa restu. Terima kasih atas perhatiannya. Kami yang berbahagia, *Dito & Nike* | C4: {NAMA} dan {LINK} otomatis diganti per tamu. Tombol "Kirim WA" di sheet Tamu dibuat dari teks ini, jadi kalau teksnya diubah, tombolnya perlu dibuat ulang.
A8: Catatan: nama tamu diambil dari kolom A sheet Tamu. Spasi diubah jadi %20 dan tanda & jadi %26 supaya link aman.
A10: Assalamualaikum Warahmatullahi Wabarakatuh. Dengan memohon rahmat dan ridho Allah SWT, kami bermaksud menyampaikan kabar bahagia bahwa InsyaAllah kami akan melangsungkan pernikahan. Sehubungan dengan hal tersebut, dengan penuh hormat kami mengundang Bapak/Ibu/Saudara/i untuk berkenan hadir serta memberikan doa restu pada acara pernikahan kami. Informasi lengkap mengenai acara dapat dilihat melalui undangan digital berikut: [Undangan Pernikahan Dito & Nike](https://weddingditonike.vercel.app/?to=Adwin+Nugroho+Bachtiar&utm_source=chatgpt.com) Kehadiran serta doa restu Bapak/Ibu/Saudara/i merupakan suatu kehormatan dan kebahagiaan bagi kami. Atas perhatian dan doa yang diberikan, kami sampaikan terima kasih. Wassalamualaikum Warahmatullahi Wabarakatuh. Hormat kami, **Dito & Nike**

Sheet Nomor WA
A1: NO | B1: NAMA LENGKAP | C1: TELP HP
A2: 1 | B2: A. A. Ayu Teni Pratiwi, S.M. | C2: 087857109771
A3: 2 | B3: Abdjad Ariena Artanti, S.H. | C3: 087835422446
A4: 3 | B4: Aditya Putra, S.H. | C4: 085231404074
A5: 4 | B5: Adwin Nugroho Bachtiar, S.Kom., M.T. | C5: 081211685320
A6: 5 | B6: Afiifah Eka Prastiyani, A.Md.Ak | C6: 082137071163
A7: 6 | B7: Agus Prayoga | C7: 081385101151
A8: 7 | B8: Ahmad Hidayat | C8: 082176161677
A9: 8 | B9: Ahmad Irhamni, S.E., M.A. | C9: 081584032175
A10: 9 | B10: Ahmad Maulana | C10: 085692422071
A11: 10 | B11: Ahmad Yani, S.Pd. | C11: 085238885781
A12: 11 | B12: Ahmad Zaki, S.Kom. | C12: 081217785737
A13: 12 | B13: Aidil Ambya Zula, S.T., M.T. | C13: 082276020877
... A202: 201 | B202: Zulkifli Tjatjo | C202: 082311574770
